entry	symbol	reference_bytes	pointer_fields
11987000	recovered_data_11987000	4096	0
11988000	recovered_data_11988000	4096	0
11989000	recovered_data_11989000	4096	0
1198a000	recovered_data_1198a000	4096	0
1198b000	recovered_data_1198b000	4096	0
1198c000	recovered_data_1198c000	4096	0
1198d000	recovered_data_1198d000	4096	0
1198e000	recovered_data_1198e000	4096	0
1198f000	recovered_data_1198f000	4096	0
11990000	recovered_data_11990000	4096	0
11991000	recovered_data_11991000	4096	0
11992000	recovered_data_11992000	4096	0
11993000	recovered_data_11993000	4096	4
11994000	recovered_data_11994000	4096	0
11995000	recovered_data_11995000	4096	0
11996000	recovered_data_11996000	4096	0
11997000	recovered_data_11997000	4096	0
11998000	recovered_data_11998000	4096	0
11999000	recovered_data_11999000	4096	0
1199a000	recovered_data_1199a000	4096	0
1199b000	recovered_data_1199b000	4096	0
1199c000	recovered_data_1199c000	4096	0
1199d000	recovered_data_1199d000	4096	0
1199e000	recovered_data_1199e000	4096	0
1199f000	recovered_data_1199f000	4096	0
119a0000	recovered_data_119a0000	4096	0
119a1000	recovered_data_119a1000	4096	0
119a2000	recovered_data_119a2000	4096	0
119a3000	recovered_data_119a3000	4096	0
119a4000	recovered_data_119a4000	4096	0
119a5000	recovered_data_119a5000	4096	0
119a6000	recovered_data_119a6000	4096	0
