entry	name	reference_body_bytes
101daf60	FUN_101daf60	109
101f16a0	FUN_101f16a0	101
102c7380	FUN_102c7380	119
102c8ee0	FUN_102c8ee0	141
102d1250	FUN_102d1250	199
102d1750	FUN_102d1750	122
102e4df0	FUN_102e4df0	115
102e4eb0	FUN_102e4eb0	115
102e4f40	FUN_102e4f40	115
10379b70	FUN_10379b70	116
1037c140	FUN_1037c140	115
1037c2c0	FUN_1037c2c0	116
10381060	FUN_10381060	115
10381240	FUN_10381240	115
10381620	FUN_10381620	116
10381810	FUN_10381810	116
10381bc0	FUN_10381bc0	115
10381c50	FUN_10381c50	116
103b8cd0	FUN_103b8cd0	139
103bcd10	FUN_103bcd10	109
10553b20	FUN_10553b20	108
10553d60	FUN_10553d60	104
10554060	FUN_10554060	108
105542a0	FUN_105542a0	104
10799800	FUN_10799800	114
1089e310	FUN_1089e310	129
10bf1220	FUN_10bf1220	101
10c26970	FUN_10c26970	108
10c65e50	FUN_10c65e50	174
10c65f30	FUN_10c65f30	174
10c66010	FUN_10c66010	174
10c91730	FUN_10c91730	177
10c91c30	FUN_10c91c30	122
10c91cd0	FUN_10c91cd0	122
10c91d70	FUN_10c91d70	122
10c91e10	FUN_10c91e10	139
10c922b0	FUN_10c922b0	122
10c92350	FUN_10c92350	122
10c923f0	FUN_10c923f0	122
10c924a0	FUN_10c924a0	122
10c92880	FUN_10c92880	134
10c92930	FUN_10c92930	122
10c92bf0	FUN_10c92bf0	122
10c92c90	FUN_10c92c90	143
10d58cc0	FUN_10d58cc0	149
10d58df0	FUN_10d58df0	149
10d78260	FUN_10d78260	123
10dea460	FUN_10dea460	106
10e30cc0	FUN_10e30cc0	123
10e73e70	FUN_10e73e70	136
10ecb890	FUN_10ecb890	132
10ecb940	FUN_10ecb940	132
10ecb9f0	FUN_10ecb9f0	132
10eccec0	FUN_10eccec0	132
10ece7b0	FUN_10ece7b0	132
10ece860	FUN_10ece860	131
10ece910	FUN_10ece910	132
10ecea60	FUN_10ecea60	132
10eceb10	FUN_10eceb10	132
10ecebc0	FUN_10ecebc0	131
10ecec70	FUN_10ecec70	132
10eced20	FUN_10eced20	132
10ecef50	FUN_10ecef50	131
10f0bdc0	FUN_10f0bdc0	105
10ff12a0	FUN_10ff12a0	119
10ff1340	FUN_10ff1340	119
10ff13f0	FUN_10ff13f0	119
10ff6c20	FUN_10ff6c20	145
