entry	name	reference_body_bytes
1068b210	FUN_1068b210	232
10a07c10	FUN_10a07c10	232
10a07d40	FUN_10a07d40	232
10a07e70	FUN_10a07e70	232
10a07fa0	FUN_10a07fa0	232
10b72070	FUN_10b72070	232
10b82d00	FUN_10b82d00	232
10b8d0f0	FUN_10b8d0f0	232
10b8d220	FUN_10b8d220	232
10b8d350	FUN_10b8d350	232
10b8d480	FUN_10b8d480	232
10c4ce50	FUN_10c4ce50	232
10c52a10	FUN_10c52a10	232
10c52b40	FUN_10c52b40	232
10c52c70	FUN_10c52c70	232
10c52da0	FUN_10c52da0	232
10c52ed0	FUN_10c52ed0	232
10c57da0	FUN_10c57da0	232
10c57ed0	FUN_10c57ed0	232
10c58000	FUN_10c58000	232
10c58130	FUN_10c58130	232
10c5a7d0	FUN_10c5a7d0	232
10c831c0	FUN_10c831c0	232
10c832f0	FUN_10c832f0	232
10cc3370	FUN_10cc3370	232
10cd7ce0	FUN_10cd7ce0	232
10cd7e10	FUN_10cd7e10	232
10cd7f40	FUN_10cd7f40	232
10cd8070	FUN_10cd8070	232
10cd81a0	FUN_10cd81a0	232
10cd82d0	FUN_10cd82d0	232
10cd8400	FUN_10cd8400	232
10cd8530	FUN_10cd8530	232
10cd8660	FUN_10cd8660	232
10cde7e0	FUN_10cde7e0	232
10cde910	FUN_10cde910	232
10ce1c00	FUN_10ce1c00	232
10cf62a0	FUN_10cf62a0	232
10d86860	FUN_10d86860	232
10d86990	FUN_10d86990	232
10d86ac0	FUN_10d86ac0	232
10d86bf0	FUN_10d86bf0	232
10d9daf0	FUN_10d9daf0	232
10de8770	FUN_10de8770	232
10ea27a0	FUN_10ea27a0	232
10ef2a30	FUN_10ef2a30	232
10f13920	FUN_10f13920	232
10f13a50	FUN_10f13a50	232
10f13b80	FUN_10f13b80	232
10f2bb40	FUN_10f2bb40	232
10f35c60	FUN_10f35c60	232
10f35d90	FUN_10f35d90	232
10f35ec0	FUN_10f35ec0	232
10f35ff0	FUN_10f35ff0	232
10f61b80	FUN_10f61b80	232
10f61cb0	FUN_10f61cb0	232
10f61de0	FUN_10f61de0	232
10f61f10	FUN_10f61f10	232
10f677b0	FUN_10f677b0	232
10f73500	FUN_10f73500	232
10f79fd0	FUN_10f79fd0	232
10f80a70	FUN_10f80a70	232
10f80ba0	FUN_10f80ba0	232
10f8e050	FUN_10f8e050	232
10f8e180	FUN_10f8e180	232
10f8e2b0	FUN_10f8e2b0	232
110182c0	FUN_110182c0	232
1102d970	FUN_1102d970	232
11060a50	FUN_11060a50	232
11061e90	FUN_11061e90	232
11062e20	FUN_11062e20	232
11065b80	FUN_11065b80	232
11067ef0	FUN_11067ef0	232
