entry	family	symbol_prefix	body_bytes
101bb140	TwoFieldClear	@ClearTwoFields_101bb140@4	43
101d8e80	TwoFieldClear	@ClearTwoFields_101d8e80@4	43
101d8ec0	TwoFieldClear	@ClearTwoFields_101d8ec0@4	43
1020a380	TwoFieldClear	@ClearTwoFields_1020a380@4	43
1020a3c0	TwoFieldClear	@ClearTwoFields_1020a3c0@4	43
1026aee0	TwoFieldClear	@ClearTwoFields_1026aee0@4	43
1026af20	TwoFieldClear	@ClearTwoFields_1026af20@4	43
102c6f50	TwoFieldClear	@ClearTwoFields_102c6f50@4	43
102cf5a0	TwoFieldClear	@ClearTwoFields_102cf5a0@4	43
102f45b0	TwoFieldClear	@ClearTwoFields_102f45b0@4	43
102f45f0	TwoFieldClear	@ClearTwoFields_102f45f0@4	43
102f4630	TwoFieldClear	@ClearTwoFields_102f4630@4	43
102f4670	TwoFieldClear	@ClearTwoFields_102f4670@4	43
1031dc80	TwoFieldClear	@ClearTwoFields_1031dc80@4	43
1031dcc0	TwoFieldClear	@ClearTwoFields_1031dcc0@4	43
1031dd00	TwoFieldClear	@ClearTwoFields_1031dd00@4	43
1031dd40	TwoFieldClear	@ClearTwoFields_1031dd40@4	43
1033c780	TwoFieldClear	@ClearTwoFields_1033c780@4	43
1033c7c0	TwoFieldClear	@ClearTwoFields_1033c7c0@4	43
10377700	TwoFieldClear	@ClearTwoFields_10377700@4	43
10377740	TwoFieldClear	@ClearTwoFields_10377740@4	43
10377780	TwoFieldClear	@ClearTwoFields_10377780@4	43
103777c0	TwoFieldClear	@ClearTwoFields_103777c0@4	43
10377800	TwoFieldClear	@ClearTwoFields_10377800@4	43
10377840	TwoFieldClear	@ClearTwoFields_10377840@4	43
10377880	TwoFieldClear	@ClearTwoFields_10377880@4	43
103778c0	TwoFieldClear	@ClearTwoFields_103778c0@4	43
10377900	TwoFieldClear	@ClearTwoFields_10377900@4	43
10377940	TwoFieldClear	@ClearTwoFields_10377940@4	43
10377980	TwoFieldClear	@ClearTwoFields_10377980@4	43
103779c0	TwoFieldClear	@ClearTwoFields_103779c0@4	43
10377a00	TwoFieldClear	@ClearTwoFields_10377a00@4	43
10377a40	TwoFieldClear	@ClearTwoFields_10377a40@4	43
103a14f0	TwoFieldClear	@ClearTwoFields_103a14f0@4	43
103c7610	TwoFieldClear	@ClearTwoFields_103c7610@4	43
103c7650	TwoFieldClear	@ClearTwoFields_103c7650@4	43
104d1450	TwoFieldClear	@ClearTwoFields_104d1450@4	43
104ea0c0	TwoFieldClear	@ClearTwoFields_104ea0c0@4	43
104ede70	TwoFieldClear	@ClearTwoFields_104ede70@4	43
104edeb0	TwoFieldClear	@ClearTwoFields_104edeb0@4	43
10513690	TwoFieldClear	@ClearTwoFields_10513690@4	43
1051fa00	TwoFieldClear	@ClearTwoFields_1051fa00@4	43
1051fa40	TwoFieldClear	@ClearTwoFields_1051fa40@4	43
10532df0	TwoFieldClear	@ClearTwoFields_10532df0@4	43
10532e30	TwoFieldClear	@ClearTwoFields_10532e30@4	43
105809d0	TwoFieldClear	@ClearTwoFields_105809d0@4	43
1058c3d0	TwoFieldClear	@ClearTwoFields_1058c3d0@4	43
1058c410	TwoFieldClear	@ClearTwoFields_1058c410@4	43
10b6eb50	TwoFieldClear	@ClearTwoFields_10b6eb50@4	43
10b6eb90	TwoFieldClear	@ClearTwoFields_10b6eb90@4	43
10b6ebd0	TwoFieldClear	@ClearTwoFields_10b6ebd0@4	43
10b77ea0	TwoFieldClear	@ClearTwoFields_10b77ea0@4	43
10bab370	TwoFieldClear	@ClearTwoFields_10bab370@4	43
10c8d180	TwoFieldClear	@ClearTwoFields_10c8d180@4	43
10ce0010	TwoFieldClear	@ClearTwoFields_10ce0010@4	43
10d59da0	TwoFieldClear	@ClearTwoFields_10d59da0@4	43
10d59de0	TwoFieldClear	@ClearTwoFields_10d59de0@4	43
10dd2650	TwoFieldClear	@ClearTwoFields_10dd2650@4	43
10f420e0	TwoFieldClear	@ClearTwoFields_10f420e0@4	43
10f42120	TwoFieldClear	@ClearTwoFields_10f42120@4	43
10f42160	TwoFieldClear	@ClearTwoFields_10f42160@4	43
10f421a0	TwoFieldClear	@ClearTwoFields_10f421a0@4	43
10f459d0	TwoFieldClear	@ClearTwoFields_10f459d0@4	43
1102ae40	TwoFieldClear	@ClearTwoFields_1102ae40@4	43
1102ae80	TwoFieldClear	@ClearTwoFields_1102ae80@4	43
11030440	TwoFieldClear	@ClearTwoFields_11030440@4	43
101d4050	ResourceCleanupReturn	?Cleanup@ResourceOwnerReturned_101d4050@@	37
101d4080	ResourceCleanupReturn	?Cleanup@ResourceOwnerReturned_101d4080@@	37
102c52f0	ResourceCleanupReturn	?Cleanup@ResourceOwnerReturned_102c52f0@@	37
102c5320	ResourceCleanupReturn	?Cleanup@ResourceOwnerReturned_102c5320@@	37
102cd310	ResourceCleanupReturn	?Cleanup@ResourceOwnerReturned_102cd310@@	37
102cd340	ResourceCleanupReturn	?Cleanup@ResourceOwnerReturned_102cd340@@	37
10366590	ResourceCleanupReturn	?Cleanup@ResourceOwnerReturned_10366590@@	37
103c3460	ResourceCleanupReturn	?Cleanup@ResourceOwnerReturned_103c3460@@	37
103c3490	ResourceCleanupReturn	?Cleanup@ResourceOwnerReturned_103c3490@@	37
103fb580	ResourceCleanupReturn	?Cleanup@ResourceOwnerReturned_103fb580@@	37
103fb5b0	ResourceCleanupReturn	?Cleanup@ResourceOwnerReturned_103fb5b0@@	37
103fb5e0	ResourceCleanupReturn	?Cleanup@ResourceOwnerReturned_103fb5e0@@	37
103fb610	ResourceCleanupReturn	?Cleanup@ResourceOwnerReturned_103fb610@@	37
1043aa40	ResourceCleanupReturn	?Cleanup@ResourceOwnerReturned_1043aa40@@	37
104625c0	ResourceCleanupReturn	?Cleanup@ResourceOwnerReturned_104625c0@@	37
104ad670	ResourceCleanupReturn	?Cleanup@ResourceOwnerReturned_104ad670@@	37
106d01d0	ResourceCleanupReturn	?Cleanup@ResourceOwnerReturned_106d01d0@@	37
10b99720	ResourceCleanupReturn	?Cleanup@ResourceOwnerReturned_10b99720@@	37
10bf0550	ResourceCleanupReturn	?Cleanup@ResourceOwnerReturned_10bf0550@@	37
10c36500	ResourceCleanupReturn	?Cleanup@ResourceOwnerReturned_10c36500@@	37
10c4b8b0	ResourceCleanupReturn	?Cleanup@ResourceOwnerReturned_10c4b8b0@@	37
10cdc3e0	ResourceCleanupReturn	?Cleanup@ResourceOwnerReturned_10cdc3e0@@	37
10ce7740	ResourceCleanupReturn	?Cleanup@ResourceOwnerReturned_10ce7740@@	37
10ce7770	ResourceCleanupReturn	?Cleanup@ResourceOwnerReturned_10ce7770@@	37
10ceeb90	ResourceCleanupReturn	?Cleanup@ResourceOwnerReturned_10ceeb90@@	37
10d75dc0	ResourceCleanupReturn	?Cleanup@ResourceOwnerReturned_10d75dc0@@	37
10d75df0	ResourceCleanupReturn	?Cleanup@ResourceOwnerReturned_10d75df0@@	37
10d75e20	ResourceCleanupReturn	?Cleanup@ResourceOwnerReturned_10d75e20@@	37
10e28c10	ResourceCleanupReturn	?Cleanup@ResourceOwnerReturned_10e28c10@@	37
10e28c40	ResourceCleanupReturn	?Cleanup@ResourceOwnerReturned_10e28c40@@	37
10e28c70	ResourceCleanupReturn	?Cleanup@ResourceOwnerReturned_10e28c70@@	37
10e28ca0	ResourceCleanupReturn	?Cleanup@ResourceOwnerReturned_10e28ca0@@	37
10e5f6b0	ResourceCleanupReturn	?Cleanup@ResourceOwnerReturned_10e5f6b0@@	37
10e5f6e0	ResourceCleanupReturn	?Cleanup@ResourceOwnerReturned_10e5f6e0@@	37
10e5f710	ResourceCleanupReturn	?Cleanup@ResourceOwnerReturned_10e5f710@@	37
10e5f740	ResourceCleanupReturn	?Cleanup@ResourceOwnerReturned_10e5f740@@	37
10e5f770	ResourceCleanupReturn	?Cleanup@ResourceOwnerReturned_10e5f770@@	37
10e96720	ResourceCleanupReturn	?Cleanup@ResourceOwnerReturned_10e96720@@	37
10e96750	ResourceCleanupReturn	?Cleanup@ResourceOwnerReturned_10e96750@@	37
10e96780	ResourceCleanupReturn	?Cleanup@ResourceOwnerReturned_10e96780@@	37
10e967b0	ResourceCleanupReturn	?Cleanup@ResourceOwnerReturned_10e967b0@@	37
10e967e0	ResourceCleanupReturn	?Cleanup@ResourceOwnerReturned_10e967e0@@	37
10e96810	ResourceCleanupReturn	?Cleanup@ResourceOwnerReturned_10e96810@@	37
10edfac0	ResourceCleanupReturn	?Cleanup@ResourceOwnerReturned_10edfac0@@	37
10eebed0	ResourceCleanupReturn	?Cleanup@ResourceOwnerReturned_10eebed0@@	37
10eebf00	ResourceCleanupReturn	?Cleanup@ResourceOwnerReturned_10eebf00@@	37
10f52570	ResourceCleanupReturn	?Cleanup@ResourceOwnerReturned_10f52570@@	37
10f661c0	ResourceCleanupReturn	?Cleanup@ResourceOwnerReturned_10f661c0@@	37
10f71110	ResourceCleanupReturn	?Cleanup@ResourceOwnerReturned_10f71110@@	37
10f83140	ResourceCleanupReturn	?Cleanup@ResourceOwnerReturned_10f83140@@	37
11008010	ResourceCleanupReturn	?Cleanup@ResourceOwnerReturned_11008010@@	37
1103db30	ResourceCleanupReturn	?Cleanup@ResourceOwnerReturned_1103db30@@	37
112ed830	ResourceCleanupReturn	?Cleanup@ResourceOwnerReturned_112ed830@@	37
112ed920	ResourceCleanupReturn	?Cleanup@ResourceOwnerReturned_112ed920@@	37
101b4d40	SingleRefClear	@ClearSingleRef_101b4d40@4	28
101ca970	SingleRefClear	@ClearSingleRef_101ca970@4	28
101d8f00	SingleRefClear	@ClearSingleRef_101d8f00@4	28
101d8f30	SingleRefClear	@ClearSingleRef_101d8f30@4	28
101e2d10	SingleRefClear	@ClearSingleRef_101e2d10@4	28
101e2d40	SingleRefClear	@ClearSingleRef_101e2d40@4	28
101ee060	SingleRefClear	@ClearSingleRef_101ee060@4	28
1020a400	SingleRefClear	@ClearSingleRef_1020a400@4	28
10236500	SingleRefClear	@ClearSingleRef_10236500@4	28
10236530	SingleRefClear	@ClearSingleRef_10236530@4	28
10248650	SingleRefClear	@ClearSingleRef_10248650@4	28
10281400	SingleRefClear	@ClearSingleRef_10281400@4	28
10281430	SingleRefClear	@ClearSingleRef_10281430@4	28
10281460	SingleRefClear	@ClearSingleRef_10281460@4	28
102aebd0	SingleRefClear	@ClearSingleRef_102aebd0@4	28
102aec00	SingleRefClear	@ClearSingleRef_102aec00@4	28
102c1fc0	SingleRefClear	@ClearSingleRef_102c1fc0@4	28
102c6f90	SingleRefClear	@ClearSingleRef_102c6f90@4	28
102c6fc0	SingleRefClear	@ClearSingleRef_102c6fc0@4	28
102dda60	SingleRefClear	@ClearSingleRef_102dda60@4	28
102f46b0	SingleRefClear	@ClearSingleRef_102f46b0@4	28
102f46e0	SingleRefClear	@ClearSingleRef_102f46e0@4	28
102f4710	SingleRefClear	@ClearSingleRef_102f4710@4	28
1031dd80	SingleRefClear	@ClearSingleRef_1031dd80@4	28
1031ddb0	SingleRefClear	@ClearSingleRef_1031ddb0@4	28
10377a80	SingleRefClear	@ClearSingleRef_10377a80@4	28
10377ab0	SingleRefClear	@ClearSingleRef_10377ab0@4	28
10377ae0	SingleRefClear	@ClearSingleRef_10377ae0@4	28
10377b10	SingleRefClear	@ClearSingleRef_10377b10@4	28
10377b40	SingleRefClear	@ClearSingleRef_10377b40@4	28
1040a180	SingleRefClear	@ClearSingleRef_1040a180@4	28
1042cec0	SingleRefClear	@ClearSingleRef_1042cec0@4	28
104360d0	SingleRefClear	@ClearSingleRef_104360d0@4	28
10452600	SingleRefClear	@ClearSingleRef_10452600@4	28
10454eb0	SingleRefClear	@ClearSingleRef_10454eb0@4	28
10468b70	SingleRefClear	@ClearSingleRef_10468b70@4	28
104940e0	SingleRefClear	@ClearSingleRef_104940e0@4	28
104d1490	SingleRefClear	@ClearSingleRef_104d1490@4	28
105136d0	SingleRefClear	@ClearSingleRef_105136d0@4	28
10532e70	SingleRefClear	@ClearSingleRef_10532e70@4	28
10532ea0	SingleRefClear	@ClearSingleRef_10532ea0@4	28
105725b0	SingleRefClear	@ClearSingleRef_105725b0@4	28
105725e0	SingleRefClear	@ClearSingleRef_105725e0@4	28
10572610	SingleRefClear	@ClearSingleRef_10572610@4	28
10572640	SingleRefClear	@ClearSingleRef_10572640@4	28
105ad2b0	SingleRefClear	@ClearSingleRef_105ad2b0@4	28
105dc140	SingleRefClear	@ClearSingleRef_105dc140@4	28
105dc170	SingleRefClear	@ClearSingleRef_105dc170@4	28
105dc1a0	SingleRefClear	@ClearSingleRef_105dc1a0@4	28
10608380	SingleRefClear	@ClearSingleRef_10608380@4	28
10620360	SingleRefClear	@ClearSingleRef_10620360@4	28
108fded0	SingleRefClear	@ClearSingleRef_108fded0@4	28
1098a140	SingleRefClear	@ClearSingleRef_1098a140@4	28
109a0990	SingleRefClear	@ClearSingleRef_109a0990@4	28
109dbdf0	SingleRefClear	@ClearSingleRef_109dbdf0@4	28
10b6ec10	SingleRefClear	@ClearSingleRef_10b6ec10@4	28
10bbe8a0	SingleRefClear	@ClearSingleRef_10bbe8a0@4	28
10bc47c0	SingleRefClear	@ClearSingleRef_10bc47c0@4	28
10bc7a20	SingleRefClear	@ClearSingleRef_10bc7a20@4	28
10be2040	SingleRefClear	@ClearSingleRef_10be2040@4	28
10c7e2e0	SingleRefClear	@ClearSingleRef_10c7e2e0@4	28
10d03b80	SingleRefClear	@ClearSingleRef_10d03b80@4	28
10d1e0d0	SingleRefClear	@ClearSingleRef_10d1e0d0@4	28
10d655b0	SingleRefClear	@ClearSingleRef_10d655b0@4	28
10d8f2b0	SingleRefClear	@ClearSingleRef_10d8f2b0@4	28
10d8f2e0	SingleRefClear	@ClearSingleRef_10d8f2e0@4	28
10d9c750	SingleRefClear	@ClearSingleRef_10d9c750@4	28
10dab3a0	SingleRefClear	@ClearSingleRef_10dab3a0@4	28
10ff1120	SingleRefClear	@ClearSingleRef_10ff1120@4	28
10ff1150	SingleRefClear	@ClearSingleRef_10ff1150@4	28
10ffddc0	SingleRefClear	@ClearSingleRef_10ffddc0@4	28
