entry	class_name	body_bytes
10118470	Recovered_10118470	24
101226e0	Recovered_101226e0	24
10122ac0	Recovered_10122ac0	24
10122ba0	Recovered_10122ba0	24
10122d10	Recovered_10122d10	24
10122ee0	Recovered_10122ee0	24
101231a0	Recovered_101231a0	24
101231f0	Recovered_101231f0	24
10123240	Recovered_10123240	24
10123320	Recovered_10123320	24
10123490	Recovered_10123490	24
10123ab0	Recovered_10123ab0	24
10123f20	Recovered_10123f20	24
10123f70	Recovered_10123f70	24
10124080	Recovered_10124080	24
10124130	Recovered_10124130	24
10124180	Recovered_10124180	24
101a8dd0	Recovered_101a8dd0	24
101a8df0	Recovered_101a8df0	24
101ac990	Recovered_101ac990	24
101b8120	Recovered_101b8120	24
101b9700	Recovered_101b9700	24
101bdfa0	Recovered_101bdfa0	24
101c5640	Recovered_101c5640	24
101c5660	Recovered_101c5660	24
101c5680	Recovered_101c5680	24
101cfe90	Recovered_101cfe90	24
101cfeb0	Recovered_101cfeb0	24
101e1000	Recovered_101e1000	24
101e1020	Recovered_101e1020	24
101e1040	Recovered_101e1040	24
101e1060	Recovered_101e1060	24
101e1080	Recovered_101e1080	24
101e10a0	Recovered_101e10a0	24
101e9ed0	Recovered_101e9ed0	24
101e9ef0	Recovered_101e9ef0	24
101e9f10	Recovered_101e9f10	24
101e9f30	Recovered_101e9f30	24
101fa050	Recovered_101fa050	24
101fee30	Recovered_101fee30	24
101fee50	Recovered_101fee50	24
101fee70	Recovered_101fee70	24
101fee90	Recovered_101fee90	24
10221bc0	Recovered_10221bc0	24
10229470	Recovered_10229470	24
102469f0	Recovered_102469f0	24
1024ee10	Recovered_1024ee10	24
10257220	Recovered_10257220	24
1025e1d0	Recovered_1025e1d0	24
1025f140	Recovered_1025f140	24
10265a00	Recovered_10265a00	24
102852d0	Recovered_102852d0	24
102852f0	Recovered_102852f0	24
1028ccd0	Recovered_1028ccd0	24
1028ccf0	Recovered_1028ccf0	24
102951c0	Recovered_102951c0	24
1029cc40	Recovered_1029cc40	24
1029dea0	Recovered_1029dea0	24
1029f130	Recovered_1029f130	24
102a66f0	Recovered_102a66f0	24
102bd160	Recovered_102bd160	24
102c02c0	Recovered_102c02c0	24
102c3c10	Recovered_102c3c10	24
102c3c30	Recovered_102c3c30	24
102c3c50	Recovered_102c3c50	24
102c3c70	Recovered_102c3c70	24
102cbfc0	Recovered_102cbfc0	24
102cbfe0	Recovered_102cbfe0	24
102d8f80	Recovered_102d8f80	24
102dc7a0	Recovered_102dc7a0	24
102df580	Recovered_102df580	24
102df5a0	Recovered_102df5a0	24
102ea430	Recovered_102ea430	24
102ea450	Recovered_102ea450	24
102ea470	Recovered_102ea470	24
102ea490	Recovered_102ea490	24
103160e0	Recovered_103160e0	24
10316100	Recovered_10316100	24
10316120	Recovered_10316120	24
10316140	Recovered_10316140	24
10316160	Recovered_10316160	24
10316180	Recovered_10316180	24
103161a0	Recovered_103161a0	24
103161c0	Recovered_103161c0	24
103161e0	Recovered_103161e0	24
10316200	Recovered_10316200	24
10316220	Recovered_10316220	24
10333900	Recovered_10333900	24
10333940	Recovered_10333940	24
1035b840	Recovered_1035b840	24
1035b860	Recovered_1035b860	24
1035b8a0	Recovered_1035b8a0	24
1035b8c0	Recovered_1035b8c0	24
1035b8e0	Recovered_1035b8e0	24
1035b900	Recovered_1035b900	24
1035b920	Recovered_1035b920	24
1035b940	Recovered_1035b940	24
1035b960	Recovered_1035b960	24
1035b9a0	Recovered_1035b9a0	24
1035b9c0	Recovered_1035b9c0	24
1035b9e0	Recovered_1035b9e0	24
1035ba00	Recovered_1035ba00	24
1035ba20	Recovered_1035ba20	24
1035ba40	Recovered_1035ba40	24
10366570	Recovered_10366570	24
1039f1e0	Recovered_1039f1e0	24
1039f200	Recovered_1039f200	24
1039f220	Recovered_1039f220	24
103a5ee0	Recovered_103a5ee0	24
103a5f00	Recovered_103a5f00	24
103a5f20	Recovered_103a5f20	24
10407450	Recovered_10407450	24
104110e0	Recovered_104110e0	24
10426330	Recovered_10426330	24
104cb9a0	Recovered_104cb9a0	24
104d6f40	Recovered_104d6f40	24
104e27b0	Recovered_104e27b0	24
10500720	Recovered_10500720	24
10500740	Recovered_10500740	24
1050ec40	Recovered_1050ec40	24
10525ca0	Recovered_10525ca0	24
1054ee70	Recovered_1054ee70	24
1054ee90	Recovered_1054ee90	24
10563120	Recovered_10563120	24
105799a0	Recovered_105799a0	24
1059da00	Recovered_1059da00	24
105b8170	Recovered_105b8170	24
105ce250	Recovered_105ce250	24
105ce270	Recovered_105ce270	24
105f7de0	Recovered_105f7de0	24
105f7e00	Recovered_105f7e00	24
10625fa0	Recovered_10625fa0	24
10625fc0	Recovered_10625fc0	24
10690d80	Recovered_10690d80	24
10690da0	Recovered_10690da0	24
1069ad00	Recovered_1069ad00	24
1069ad20	Recovered_1069ad20	24
106b0700	Recovered_106b0700	24
106b0720	Recovered_106b0720	24
106d24e0	Recovered_106d24e0	24
106e2410	Recovered_106e2410	24
106e2430	Recovered_106e2430	24
106f7590	Recovered_106f7590	24
106fdc30	Recovered_106fdc30	24
10702ef0	Recovered_10702ef0	24
10709270	Recovered_10709270	24
10709290	Recovered_10709290	24
107092b0	Recovered_107092b0	24
10712700	Recovered_10712700	24
107733b0	Recovered_107733b0	24
108411d0	Recovered_108411d0	24
1085ff00	Recovered_1085ff00	24
1085ff20	Recovered_1085ff20	24
1087fc90	Recovered_1087fc90	24
10892310	Recovered_10892310	24
1089f360	Recovered_1089f360	24
1095b800	Recovered_1095b800	24
10989000	Recovered_10989000	24
109c3ee0	Recovered_109c3ee0	24
109d8e70	Recovered_109d8e70	24
109d8e90	Recovered_109d8e90	24
109e1e00	Recovered_109e1e00	24
10b6cfc0	Recovered_10b6cfc0	24
10b6cfe0	Recovered_10b6cfe0	24
10b6d000	Recovered_10b6d000	24
10b6d020	Recovered_10b6d020	24
10b76030	Recovered_10b76030	24
10b7c2a0	Recovered_10b7c2a0	24
10b7c2c0	Recovered_10b7c2c0	24
10b7c2e0	Recovered_10b7c2e0	24
10b7c300	Recovered_10b7c300	24
10b8fc10	Recovered_10b8fc10	24
10b96e50	Recovered_10b96e50	24
10b96e70	Recovered_10b96e70	24
10ba5140	Recovered_10ba5140	24
10bbb640	Recovered_10bbb640	24
10bd3280	Recovered_10bd3280	24
10beebc0	Recovered_10beebc0	24
10bf21c0	Recovered_10bf21c0	24
10bf21e0	Recovered_10bf21e0	24
10c053e0	Recovered_10c053e0	24
10c17050	Recovered_10c17050	24
10c238a0	Recovered_10c238a0	24
10c4e6a0	Recovered_10c4e6a0	24
10c4e6c0	Recovered_10c4e6c0	24
10c4e6e0	Recovered_10c4e6e0	24
10c4e700	Recovered_10c4e700	24
10c54cb0	Recovered_10c54cb0	24
10c54cd0	Recovered_10c54cd0	24
10c593b0	Recovered_10c593b0	24
10c593d0	Recovered_10c593d0	24
10ce6780	Recovered_10ce6780	24
10d00c00	Recovered_10d00c00	24
10d11970	Recovered_10d11970	24
10d19cf0	Recovered_10d19cf0	24
10d9ad30	Recovered_10d9ad30	24
10da47d0	Recovered_10da47d0	24
10dd02f0	Recovered_10dd02f0	24
10f40f50	Recovered_10f40f50	24
10f40f70	Recovered_10f40f70	24
10f40f90	Recovered_10f40f90	24
10f40fb0	Recovered_10f40fb0	24
10f43e60	Recovered_10f43e60	24
10f49bc0	Recovered_10f49bc0	24
10f4df80	Recovered_10f4df80	24
10f650c0	Recovered_10f650c0	24
10f77600	Recovered_10f77600	24
10fcdf20	Recovered_10fcdf20	24
10fec250	Recovered_10fec250	24
10ffc290	Recovered_10ffc290	24
10ffd540	Recovered_10ffd540	24
11026210	Recovered_11026210	24
11026230	Recovered_11026230	24
11026250	Recovered_11026250	24
1102eda0	Recovered_1102eda0	24
11042250	Recovered_11042250	24
1105f3f0	Recovered_1105f3f0	24
