entry	class_name	method_name	body_bytes
101175c0	RecoveredReset_101175c0	Reset	30
101175f0	RecoveredReset_101175f0	Reset	30
10117620	RecoveredReset_10117620	Reset	30
1012b880	RecoveredReset_1012b880	Reset	30
1012b8b0	RecoveredReset_1012b8b0	Reset	30
1012b8e0	RecoveredReset_1012b8e0	Reset	30
101ab9e0	RecoveredReset_101ab9e0	Reset	30
101b2ac0	RecoveredReset_101b2ac0	Reset	30
101c4ee0	RecoveredReset_101c4ee0	Reset	30
101c9930	RecoveredReset_101c9930	Reset	30
101ce970	RecoveredReset_101ce970	Reset	30
101ce9a0	RecoveredReset_101ce9a0	Reset	30
101d7db0	RecoveredReset_101d7db0	Reset	30
101d7de0	RecoveredReset_101d7de0	Reset	30
101e0dc0	RecoveredReset_101e0dc0	Reset	30
101e0df0	RecoveredReset_101e0df0	Reset	30
101e2470	RecoveredReset_101e2470	Reset	30
101e24a0	RecoveredReset_101e24a0	Reset	30
101f4350	RecoveredReset_101f4350	Reset	30
101f5530	RecoveredReset_101f5530	Reset	30
101fe110	RecoveredReset_101fe110	Reset	30
101fe140	RecoveredReset_101fe140	Reset	30
10207a10	RecoveredReset_10207a10	Reset	30
10207a40	RecoveredReset_10207a40	Reset	30
10227430	RecoveredReset_10227430	Reset	30
10234e30	RecoveredReset_10234e30	Reset	30
10246680	RecoveredReset_10246680	Reset	30
10248250	RecoveredReset_10248250	Reset	30
1027e7c0	RecoveredReset_1027e7c0	Reset	30
1027e7f0	RecoveredReset_1027e7f0	Reset	30
1027e820	RecoveredReset_1027e820	Reset	30
10281130	RecoveredReset_10281130	Reset	30
10281160	RecoveredReset_10281160	Reset	30
10281190	RecoveredReset_10281190	Reset	30
102a55f0	RecoveredReset_102a55f0	Reset	30
102a5620	RecoveredReset_102a5620	Reset	30
102ae030	RecoveredReset_102ae030	Reset	30
102ae060	RecoveredReset_102ae060	Reset	30
102c1170	RecoveredReset_102c1170	Reset	30
102c1c10	RecoveredReset_102c1c10	Reset	30
102c3680	RecoveredReset_102c3680	Reset	30
102c36b0	RecoveredReset_102c36b0	Reset	30
102c6b00	RecoveredReset_102c6b00	Reset	30
102c6b30	RecoveredReset_102c6b30	Reset	30
102dc570	RecoveredReset_102dc570	Reset	30
102dd7e0	RecoveredReset_102dd7e0	Reset	30
102e9310	RecoveredReset_102e9310	Reset	30
102e9340	RecoveredReset_102e9340	Reset	30
102e9370	RecoveredReset_102e9370	Reset	30
102e93a0	RecoveredReset_102e93a0	Reset	30
102f0b10	RecoveredReset_102f0b10	Reset	30
102f0b40	RecoveredReset_102f0b40	Reset	30
102f0b70	RecoveredReset_102f0b70	Reset	30
102f0ba0	RecoveredReset_102f0ba0	Reset	30
103581f0	RecoveredReset_103581f0	Reset	30
10358220	RecoveredReset_10358220	Reset	30
10358250	RecoveredReset_10358250	Reset	30
10358280	RecoveredReset_10358280	Reset	30
103582b0	RecoveredReset_103582b0	Reset	30
103705e0	RecoveredReset_103705e0	Reset	30
10370610	RecoveredReset_10370610	Reset	30
10370640	RecoveredReset_10370640	Reset	30
10370670	RecoveredReset_10370670	Reset	30
103706a0	RecoveredReset_103706a0	Reset	30
103a57f0	RecoveredReset_103a57f0	Reset	30
103abd60	RecoveredReset_103abd60	Reset	30
10406bd0	RecoveredReset_10406bd0	Reset	30
10409bb0	RecoveredReset_10409bb0	Reset	30
10426070	RecoveredReset_10426070	Reset	30
1042bee0	RecoveredReset_1042bee0	Reset	30
104332a0	RecoveredReset_104332a0	Reset	30
10434bb0	RecoveredReset_10434bb0	Reset	30
10451dc0	RecoveredReset_10451dc0	Reset	30
104525d0	RecoveredReset_104525d0	Reset	30
10454320	RecoveredReset_10454320	Reset	30
10454b40	RecoveredReset_10454b40	Reset	30
10466290	RecoveredReset_10466290	Reset	30
104683d0	RecoveredReset_104683d0	Reset	30
10481650	RecoveredReset_10481650	Reset	30
104886b0	RecoveredReset_104886b0	Reset	30
104cb780	RecoveredReset_104cb780	Reset	30
104cde70	RecoveredReset_104cde70	Reset	30
1050ea60	RecoveredReset_1050ea60	Reset	30
10510d30	RecoveredReset_10510d30	Reset	30
1051b580	RecoveredReset_1051b580	Reset	30
1051e090	RecoveredReset_1051e090	Reset	30
10525980	RecoveredReset_10525980	Reset	30
105259b0	RecoveredReset_105259b0	Reset	30
1052dc00	RecoveredReset_1052dc00	Reset	30
1052dc30	RecoveredReset_1052dc30	Reset	30
10562940	RecoveredReset_10562940	Reset	30
10562970	RecoveredReset_10562970	Reset	30
105629a0	RecoveredReset_105629a0	Reset	30
105629d0	RecoveredReset_105629d0	Reset	30
1056d420	RecoveredReset_1056d420	Reset	30
1056d450	RecoveredReset_1056d450	Reset	30
1056d480	RecoveredReset_1056d480	Reset	30
1056d4b0	RecoveredReset_1056d4b0	Reset	30
105a6390	RecoveredReset_105a6390	Reset	30
105ac050	RecoveredReset_105ac050	Reset	30
105cd280	RecoveredReset_105cd280	Reset	30
105cd2b0	RecoveredReset_105cd2b0	Reset	30
105cd2e0	RecoveredReset_105cd2e0	Reset	30
105d8710	RecoveredReset_105d8710	Reset	30
105d8740	RecoveredReset_105d8740	Reset	30
105d8770	RecoveredReset_105d8770	Reset	30
105f4940	RecoveredReset_105f4940	Reset	30
10604d30	RecoveredReset_10604d30	Reset	30
1061e340	RecoveredReset_1061e340	Reset	30
1061fe90	RecoveredReset_1061fe90	Reset	30
108fb7a0	RecoveredReset_108fb7a0	Reset	30
108fd830	RecoveredReset_108fd830	Reset	30
10988b10	RecoveredReset_10988b10	Reset	30
10989df0	RecoveredReset_10989df0	Reset	30
1099d670	RecoveredReset_1099d670	Reset	30
1099fb10	RecoveredReset_1099fb10	Reset	30
109d88b0	RecoveredReset_109d88b0	Reset	30
109daa40	RecoveredReset_109daa40	Reset	30
10b6ca50	RecoveredReset_10b6ca50	Reset	30
10b6dfd0	RecoveredReset_10b6dfd0	Reset	30
10b7baa0	RecoveredReset_10b7baa0	Reset	30
10b7e660	RecoveredReset_10b7e660	Reset	30
10b9bac0	RecoveredReset_10b9bac0	Reset	30
10bbddd0	RecoveredReset_10bbddd0	Reset	30
10bbe780	RecoveredReset_10bbe780	Reset	30
10bc3b90	RecoveredReset_10bc3b90	Reset	30
10bc46a0	RecoveredReset_10bc46a0	Reset	30
10bc5bf0	RecoveredReset_10bc5bf0	Reset	30
10bc76d0	RecoveredReset_10bc76d0	Reset	30
10bd1bb0	RecoveredReset_10bd1bb0	Reset	30
10bddec0	RecoveredReset_10bddec0	Reset	30
10c73390	RecoveredReset_10c73390	Reset	30
10c7dc60	RecoveredReset_10c7dc60	Reset	30
10d118c0	RecoveredReset_10d118c0	Reset	30
10d12d90	RecoveredReset_10d12d90	Reset	30
10d63d20	RecoveredReset_10d63d20	Reset	30
10d654c0	RecoveredReset_10d654c0	Reset	30
10d8be90	RecoveredReset_10d8be90	Reset	30
10d8bec0	RecoveredReset_10d8bec0	Reset	30
10d8d670	RecoveredReset_10d8d670	Reset	30
10d8d6a0	RecoveredReset_10d8d6a0	Reset	30
10d9aa40	RecoveredReset_10d9aa40	Reset	30
10d9c710	RecoveredReset_10d9c710	Reset	30
10daa070	RecoveredReset_10daa070	Reset	30
10daa990	RecoveredReset_10daa990	Reset	30
10df4e50	RecoveredReset_10df4e50	Reset	30
10e00ac0	RecoveredReset_10e00ac0	Reset	30
10f43c00	RecoveredReset_10f43c00	Reset	30
10f451d0	RecoveredReset_10f451d0	Reset	30
10feb910	RecoveredReset_10feb910	Reset	30
10fefef0	RecoveredReset_10fefef0	Reset	30
10ffd500	RecoveredReset_10ffd500	Reset	30
10ffd650	RecoveredReset_10ffd650	Reset	30
11042050	RecoveredReset_11042050	Reset	30
11043340	RecoveredReset_11043340	Reset	30
1012b910	RecoveredReplace_1012b910	Replace	24
1012b930	RecoveredReplace_1012b930	Replace	24
1012b950	RecoveredReplace_1012b950	Replace	24
1012b970	RecoveredReplace_1012b970	Replace	24
1012b990	RecoveredReplace_1012b990	Replace	24
1012b9b0	RecoveredReplace_1012b9b0	Replace	24
1012b9d0	RecoveredReplace_1012b9d0	Replace	24
1012b9f0	RecoveredReplace_1012b9f0	Replace	24
1012ba10	RecoveredReplace_1012ba10	Replace	24
1012ba30	RecoveredReplace_1012ba30	Replace	24
1012ba50	RecoveredReplace_1012ba50	Replace	24
1012ba70	RecoveredReplace_1012ba70	Replace	24
1012ba90	RecoveredReplace_1012ba90	Replace	24
1012bab0	RecoveredReplace_1012bab0	Replace	24
1012bad0	RecoveredReplace_1012bad0	Replace	24
1012baf0	RecoveredReplace_1012baf0	Replace	24
1012bb10	RecoveredReplace_1012bb10	Replace	24
1012bb30	RecoveredReplace_1012bb30	Replace	24
1012bb50	RecoveredReplace_1012bb50	Replace	24
1012bb70	RecoveredReplace_1012bb70	Replace	24
1012bb90	RecoveredReplace_1012bb90	Replace	24
1012bbb0	RecoveredReplace_1012bbb0	Replace	24
1012bbd0	RecoveredReplace_1012bbd0	Replace	24
1012bbf0	RecoveredReplace_1012bbf0	Replace	24
1012bc10	RecoveredReplace_1012bc10	Replace	24
1012bc30	RecoveredReplace_1012bc30	Replace	24
1012bc50	RecoveredReplace_1012bc50	Replace	24
1012bc70	RecoveredReplace_1012bc70	Replace	24
1012bc90	RecoveredReplace_1012bc90	Replace	24
1012bcb0	RecoveredReplace_1012bcb0	Replace	24
1012bcd0	RecoveredReplace_1012bcd0	Replace	24
1012bcf0	RecoveredReplace_1012bcf0	Replace	24
1012bd10	RecoveredReplace_1012bd10	Replace	24
1012bd30	RecoveredReplace_1012bd30	Replace	24
1012bd50	RecoveredReplace_1012bd50	Replace	24
1012bd70	RecoveredReplace_1012bd70	Replace	24
1012bd90	RecoveredReplace_1012bd90	Replace	24
1012bdb0	RecoveredReplace_1012bdb0	Replace	24
1012bdd0	RecoveredReplace_1012bdd0	Replace	24
1012bdf0	RecoveredReplace_1012bdf0	Replace	24
1012be10	RecoveredReplace_1012be10	Replace	24
1012be30	RecoveredReplace_1012be30	Replace	24
1012be50	RecoveredReplace_1012be50	Replace	24
1012be70	RecoveredReplace_1012be70	Replace	24
1012be90	RecoveredReplace_1012be90	Replace	24
1012beb0	RecoveredReplace_1012beb0	Replace	24
1012bed0	RecoveredReplace_1012bed0	Replace	24
1012bef0	RecoveredReplace_1012bef0	Replace	24
1012bf10	RecoveredReplace_1012bf10	Replace	24
1012bf30	RecoveredReplace_1012bf30	Replace	24
1012bf50	RecoveredReplace_1012bf50	Replace	24
1012bf70	RecoveredReplace_1012bf70	Replace	24
1012bf90	RecoveredReplace_1012bf90	Replace	24
1012bfb0	RecoveredReplace_1012bfb0	Replace	24
1012bfd0	RecoveredReplace_1012bfd0	Replace	24
1012bff0	RecoveredReplace_1012bff0	Replace	24
1012c010	RecoveredReplace_1012c010	Replace	24
1012c030	RecoveredReplace_1012c030	Replace	24
1012c050	RecoveredReplace_1012c050	Replace	24
1012c070	RecoveredReplace_1012c070	Replace	24
1012c090	RecoveredReplace_1012c090	Replace	24
1012c0b0	RecoveredReplace_1012c0b0	Replace	24
1012c0d0	RecoveredReplace_1012c0d0	Replace	24
1012c0f0	RecoveredReplace_1012c0f0	Replace	24
1012c110	RecoveredReplace_1012c110	Replace	24
1012c130	RecoveredReplace_1012c130	Replace	24
1012c150	RecoveredReplace_1012c150	Replace	24
1012c170	RecoveredReplace_1012c170	Replace	24
1012c190	RecoveredReplace_1012c190	Replace	24
1012c1b0	RecoveredReplace_1012c1b0	Replace	24
1012c1d0	RecoveredReplace_1012c1d0	Replace	24
1012c1f0	RecoveredReplace_1012c1f0	Replace	24
1012c210	RecoveredReplace_1012c210	Replace	24
1012c230	RecoveredReplace_1012c230	Replace	24
1012c250	RecoveredReplace_1012c250	Replace	24
1012c270	RecoveredReplace_1012c270	Replace	24
1012c290	RecoveredReplace_1012c290	Replace	24
1012c2b0	RecoveredReplace_1012c2b0	Replace	24
1012c2d0	RecoveredReplace_1012c2d0	Replace	24
1012c2f0	RecoveredReplace_1012c2f0	Replace	24
1012c310	RecoveredReplace_1012c310	Replace	24
1012c330	RecoveredReplace_1012c330	Replace	24
1012c350	RecoveredReplace_1012c350	Replace	24
1012c370	RecoveredReplace_1012c370	Replace	24
1012c390	RecoveredReplace_1012c390	Replace	24
1012c3b0	RecoveredReplace_1012c3b0	Replace	24
1012c3d0	RecoveredReplace_1012c3d0	Replace	24
1012c3f0	RecoveredReplace_1012c3f0	Replace	24
1012c410	RecoveredReplace_1012c410	Replace	24
1012c430	RecoveredReplace_1012c430	Replace	24
1012c450	RecoveredReplace_1012c450	Replace	24
1012c470	RecoveredReplace_1012c470	Replace	24
1012c490	RecoveredReplace_1012c490	Replace	24
1012c4b0	RecoveredReplace_1012c4b0	Replace	24
1012c4d0	RecoveredReplace_1012c4d0	Replace	24
1012c4f0	RecoveredReplace_1012c4f0	Replace	24
1012c510	RecoveredReplace_1012c510	Replace	24
1012c530	RecoveredReplace_1012c530	Replace	24
1012c550	RecoveredReplace_1012c550	Replace	24
1012c570	RecoveredReplace_1012c570	Replace	24
1012c590	RecoveredReplace_1012c590	Replace	24
1012c5b0	RecoveredReplace_1012c5b0	Replace	24
1012c5d0	RecoveredReplace_1012c5d0	Replace	24
1012c5f0	RecoveredReplace_1012c5f0	Replace	24
1012c610	RecoveredReplace_1012c610	Replace	24
1012c630	RecoveredReplace_1012c630	Replace	24
1012c650	RecoveredReplace_1012c650	Replace	24
1012c670	RecoveredReplace_1012c670	Replace	24
1012c690	RecoveredReplace_1012c690	Replace	24
1012c6b0	RecoveredReplace_1012c6b0	Replace	24
1012c6d0	RecoveredReplace_1012c6d0	Replace	24
1012c6f0	RecoveredReplace_1012c6f0	Replace	24
1012c710	RecoveredReplace_1012c710	Replace	24
1012c730	RecoveredReplace_1012c730	Replace	24
1012c750	RecoveredReplace_1012c750	Replace	24
1012c770	RecoveredReplace_1012c770	Replace	24
1012c790	RecoveredReplace_1012c790	Replace	24
1012c7b0	RecoveredReplace_1012c7b0	Replace	24
1012c7d0	RecoveredReplace_1012c7d0	Replace	24
1012c7f0	RecoveredReplace_1012c7f0	Replace	24
1012c810	RecoveredReplace_1012c810	Replace	24
1012c830	RecoveredReplace_1012c830	Replace	24
1012c850	RecoveredReplace_1012c850	Replace	24
1012c870	RecoveredReplace_1012c870	Replace	24
1012c890	RecoveredReplace_1012c890	Replace	24
1012c8b0	RecoveredReplace_1012c8b0	Replace	24
1012c8d0	RecoveredReplace_1012c8d0	Replace	24
1012c8f0	RecoveredReplace_1012c8f0	Replace	24
1012c910	RecoveredReplace_1012c910	Replace	24
1012c930	RecoveredReplace_1012c930	Replace	24
1012c950	RecoveredReplace_1012c950	Replace	24
1012c970	RecoveredReplace_1012c970	Replace	24
1012c990	RecoveredReplace_1012c990	Replace	24
1012c9b0	RecoveredReplace_1012c9b0	Replace	24
1012c9d0	RecoveredReplace_1012c9d0	Replace	24
1012c9f0	RecoveredReplace_1012c9f0	Replace	24
1012ca10	RecoveredReplace_1012ca10	Replace	24
1012ca30	RecoveredReplace_1012ca30	Replace	24
1012ca50	RecoveredReplace_1012ca50	Replace	24
1012ca70	RecoveredReplace_1012ca70	Replace	24
1012ca90	RecoveredReplace_1012ca90	Replace	24
11057340	RecoveredReplace_11057340	Replace	24
