entry	source_name	decorated_symbol	body_bytes
1019c350	CSharp_delete_SCIAbilityDelegate	_CSharp_delete_SCIAbilityDelegate@4	16
1019c370	CSharp_delete_SCIAbilityDelegateSwigBase	_CSharp_delete_SCIAbilityDelegateSwigBase@4	16
1019c390	CSharp_delete_SCIAbilityListener	_CSharp_delete_SCIAbilityListener@4	16
1019c3b0	CSharp_delete_SCIAccountManager	_CSharp_delete_SCIAccountManager@4	16
1019c3d0	CSharp_delete_SCIAction	_CSharp_delete_SCIAction@4	16
1019c3f0	CSharp_delete_SCIActionContext	_CSharp_delete_SCIActionContext@4	16
1019c410	CSharp_delete_SCIActionDelegate	_CSharp_delete_SCIActionDelegate@4	16
1019c430	CSharp_delete_SCIActionDelegateSwigBase	_CSharp_delete_SCIActionDelegateSwigBase@4	16
1019c450	CSharp_delete_SCIActionDescriptor	_CSharp_delete_SCIActionDescriptor@4	16
1019c470	CSharp_delete_SCIActionFactory	_CSharp_delete_SCIActionFactory@4	16
1019c490	CSharp_delete_SCIActionFactorySwigBase	_CSharp_delete_SCIActionFactorySwigBase@4	16
1019c4b0	CSharp_delete_SCIActionFilter	_CSharp_delete_SCIActionFilter@4	16
1019c4d0	CSharp_delete_SCIActionFilterSwigBase	_CSharp_delete_SCIActionFilterSwigBase@4	16
1019c4f0	CSharp_delete_SCIActionFilterer	_CSharp_delete_SCIActionFilterer@4	16
1019c510	CSharp_delete_SCIActionNoArgDescriptor	_CSharp_delete_SCIActionNoArgDescriptor@4	16
1019c530	CSharp_delete_SCIActionOnAlarmDescriptor	_CSharp_delete_SCIActionOnAlarmDescriptor@4	16
1019c550	CSharp_delete_SCIActionOnGroupDescriptor	_CSharp_delete_SCIActionOnGroupDescriptor@4	16
1019c570	CSharp_delete_SCIActionSelectableDescriptor	_CSharp_delete_SCIActionSelectableDescriptor@4	16
1019c590	CSharp_delete_SCIActionSwigBase	_CSharp_delete_SCIActionSwigBase@4	16
1019c5b0	CSharp_delete_SCIActionWithBoolDescriptor	_CSharp_delete_SCIActionWithBoolDescriptor@4	16
1019c5d0	CSharp_delete_SCIActionWithIntDescriptor	_CSharp_delete_SCIActionWithIntDescriptor@4	16
1019c5f0	CSharp_delete_SCIActionWithStringDescriptor	_CSharp_delete_SCIActionWithStringDescriptor@4	16
1019c610	CSharp_delete_SCIAddToQueueAtNumberDescriptor	_CSharp_delete_SCIAddToQueueAtNumberDescriptor@4	16
1019c630	CSharp_delete_SCIAggregateBrowseDataSource	_CSharp_delete_SCIAggregateBrowseDataSource@4	16
1019c650	CSharp_delete_SCIAlarm	_CSharp_delete_SCIAlarm@4	16
1019c670	CSharp_delete_SCIAlarmManager	_CSharp_delete_SCIAlarmManager@4	16
1019c690	CSharp_delete_SCIAlarmMusic	_CSharp_delete_SCIAlarmMusic@4	16
1019c6b0	CSharp_delete_SCIAlarmMusicBrowseItem	_CSharp_delete_SCIAlarmMusicBrowseItem@4	16
1019c6d0	CSharp_delete_SCIAppRatingManager	_CSharp_delete_SCIAppRatingManager@4	16
1019c6f0	CSharp_delete_SCIAppReporting	_CSharp_delete_SCIAppReporting@4	16
1019c710	CSharp_delete_SCIAppReportingTestPoint	_CSharp_delete_SCIAppReportingTestPoint@4	16
1019c730	CSharp_delete_SCIAppSessionManager	_CSharp_delete_SCIAppSessionManager@4	16
1019c750	CSharp_delete_SCIArea	_CSharp_delete_SCIArea@4	16
1019c770	CSharp_delete_SCIAreaManager	_CSharp_delete_SCIAreaManager@4	16
1019c790	CSharp_delete_SCIArray	_CSharp_delete_SCIArray@4	16
1019c7b0	CSharp_delete_SCIArtworkCache	_CSharp_delete_SCIArtworkCache@4	16
1019c7d0	CSharp_delete_SCIArtworkCacheManager	_CSharp_delete_SCIArtworkCacheManager@4	16
1019c7f0	CSharp_delete_SCIArtworkData	_CSharp_delete_SCIArtworkData@4	16
1019c810	CSharp_delete_SCIAudioData	_CSharp_delete_SCIAudioData@4	16
1019c830	CSharp_delete_SCIAudioInputResource	_CSharp_delete_SCIAudioInputResource@4	16
1019c850	CSharp_delete_SCIAutomationDelegate	_CSharp_delete_SCIAutomationDelegate@4	16
1019c870	CSharp_delete_SCIAutomationDelegateSwigBase	_CSharp_delete_SCIAutomationDelegateSwigBase@4	16
1019c890	CSharp_delete_SCIBTAccessoryDelegate	_CSharp_delete_SCIBTAccessoryDelegate@4	16
1019c8b0	CSharp_delete_SCIBTAccessoryDelegateSwigBase	_CSharp_delete_SCIBTAccessoryDelegateSwigBase@4	16
1019c8d0	CSharp_delete_SCIBTAccessoryListener	_CSharp_delete_SCIBTAccessoryListener@4	16
1019c8f0	CSharp_delete_SCIBTClassicConnectionCallback	_CSharp_delete_SCIBTClassicConnectionCallback@4	16
1019c910	CSharp_delete_SCIBTClassicConnectionCallbackSwigBase	_CSharp_delete_SCIBTClassicConnectionCallbackSwigBase@4	16
1019c930	CSharp_delete_SCIBTClassicConnectionManager	_CSharp_delete_SCIBTClassicConnectionManager@4	16
1019c950	CSharp_delete_SCIBTClassicConnectionProvider	_CSharp_delete_SCIBTClassicConnectionProvider@4	16
1019c970	CSharp_delete_SCIBTClassicConnectionProviderSwigBase	_CSharp_delete_SCIBTClassicConnectionProviderSwigBase@4	16
1019c990	CSharp_delete_SCIBadgeIndicatorSettingsProperty	_CSharp_delete_SCIBadgeIndicatorSettingsProperty@4	16
1019c9b0	CSharp_delete_SCIBadgeResource	_CSharp_delete_SCIBadgeResource@4	16
1019c9d0	CSharp_delete_SCIBleDelegate	_CSharp_delete_SCIBleDelegate@4	16
1019c9f0	CSharp_delete_SCIBleDelegateSwigBase	_CSharp_delete_SCIBleDelegateSwigBase@4	16
1019ca10	CSharp_delete_SCIBleListener	_CSharp_delete_SCIBleListener@4	16
1019ca30	CSharp_delete_SCIBlePeripheralDelegate	_CSharp_delete_SCIBlePeripheralDelegate@4	16
1019ca50	CSharp_delete_SCIBlePeripheralDelegateSwigBase	_CSharp_delete_SCIBlePeripheralDelegateSwigBase@4	16
1019ca70	CSharp_delete_SCIBooleanSettingsProperty	_CSharp_delete_SCIBooleanSettingsProperty@4	16
1019ca90	CSharp_delete_SCIBrowseDataSource	_CSharp_delete_SCIBrowseDataSource@4	16
1019cab0	CSharp_delete_SCIBrowseGroupsInfo	_CSharp_delete_SCIBrowseGroupsInfo@4	16
1019cad0	CSharp_delete_SCIBrowseItem	_CSharp_delete_SCIBrowseItem@4	16
1019caf0	CSharp_delete_SCIBrowseItemSwigBase	_CSharp_delete_SCIBrowseItemSwigBase@4	16
1019cb10	CSharp_delete_SCIBrowseListPresentationMap	_CSharp_delete_SCIBrowseListPresentationMap@4	16
1019cb30	CSharp_delete_SCIBrowseManager	_CSharp_delete_SCIBrowseManager@4	16
1019cb50	CSharp_delete_SCIBrowsePageExtension	_CSharp_delete_SCIBrowsePageExtension@4	16
1019cb70	CSharp_delete_SCIBrowseService	_CSharp_delete_SCIBrowseService@4	16
1019cb90	CSharp_delete_SCIBrowseStackManager	_CSharp_delete_SCIBrowseStackManager@4	16
1019cbb0	CSharp_delete_SCICachedHousehold	_CSharp_delete_SCICachedHousehold@4	16
1019cbd0	CSharp_delete_SCICertificateChain	_CSharp_delete_SCICertificateChain@4	16
1019cbf0	CSharp_delete_SCIChirpDelegate	_CSharp_delete_SCIChirpDelegate@4	16
1019cc10	CSharp_delete_SCIChirpDelegateSwigBase	_CSharp_delete_SCIChirpDelegateSwigBase@4	16
1019cc30	CSharp_delete_SCIChirpListener	_CSharp_delete_SCIChirpListener@4	16
1019cc50	CSharp_delete_SCIClipboardDelegate	_CSharp_delete_SCIClipboardDelegate@4	16
1019cc70	CSharp_delete_SCIClipboardDelegateSwigBase	_CSharp_delete_SCIClipboardDelegateSwigBase@4	16
1019cc90	CSharp_delete_SCICommittable	_CSharp_delete_SCICommittable@4	16
1019ccb0	CSharp_delete_SCICompositeSearchable	_CSharp_delete_SCICompositeSearchable@4	16
1019ccd0	CSharp_delete_SCIController	_CSharp_delete_SCIController@4	16
1019ccf0	CSharp_delete_SCIControllerTest	_CSharp_delete_SCIControllerTest@4	16
1019cd10	CSharp_delete_SCICountry	_CSharp_delete_SCICountry@4	16
1019cd30	CSharp_delete_SCICrashReportManager	_CSharp_delete_SCICrashReportManager@4	16
1019cd50	CSharp_delete_SCICrashReportProvider	_CSharp_delete_SCICrashReportProvider@4	16
1019cd70	CSharp_delete_SCICrashReportProviderSwigBase	_CSharp_delete_SCICrashReportProviderSwigBase@4	16
1019cd90	CSharp_delete_SCICustomSubWizard	_CSharp_delete_SCICustomSubWizard@4	16
1019cdb0	CSharp_delete_SCICustomSubWizardSwigBase	_CSharp_delete_SCICustomSubWizardSwigBase@4	16
1019cdd0	CSharp_delete_SCIData	_CSharp_delete_SCIData@4	16
1019cdf0	CSharp_delete_SCIDateTimeManager	_CSharp_delete_SCIDateTimeManager@4	16
1019ce10	CSharp_delete_SCIDateTimeSettingsProperty	_CSharp_delete_SCIDateTimeSettingsProperty@4	16
1019ce30	CSharp_delete_SCIDebug	_CSharp_delete_SCIDebug@4	16
1019ce50	CSharp_delete_SCIDebugEventManager	_CSharp_delete_SCIDebugEventManager@4	16
1019ce70	CSharp_delete_SCIDevice	_CSharp_delete_SCIDevice@4	16
1019ce90	CSharp_delete_SCIDeviceAutoplay	_CSharp_delete_SCIDeviceAutoplay@4	16
1019ceb0	CSharp_delete_SCIDeviceLineIn	_CSharp_delete_SCIDeviceLineIn@4	16
1019ced0	CSharp_delete_SCIDeviceLineOut	_CSharp_delete_SCIDeviceLineOut@4	16
1019cef0	CSharp_delete_SCIDeviceMusicEqualization	_CSharp_delete_SCIDeviceMusicEqualization@4	16
1019cf10	CSharp_delete_SCIDeviceSettingsDataSource	_CSharp_delete_SCIDeviceSettingsDataSource@4	16
1019cf30	CSharp_delete_SCIDeviceVolume	_CSharp_delete_SCIDeviceVolume@4	16
1019cf50	CSharp_delete_SCIDirectControlAppManager	_CSharp_delete_SCIDirectControlAppManager@4	16
1019cf70	CSharp_delete_SCIDirectControlApplication	_CSharp_delete_SCIDirectControlApplication@4	16
1019cf90	CSharp_delete_SCIDisplayType	_CSharp_delete_SCIDisplayType@4	16
1019cfb0	CSharp_delete_SCIEnumerable	_CSharp_delete_SCIEnumerable@4	16
1019cfd0	CSharp_delete_SCIEnumerator	_CSharp_delete_SCIEnumerator@4	16
1019cff0	CSharp_delete_SCIEulaManager	_CSharp_delete_SCIEulaManager@4	16
1019d010	CSharp_delete_SCIEventSink	_CSharp_delete_SCIEventSink@4	16
1019d030	CSharp_delete_SCIEventSinkSwigBase	_CSharp_delete_SCIEventSinkSwigBase@4	16
1019d050	CSharp_delete_SCIExperimentManager	_CSharp_delete_SCIExperimentManager@4	16
1019d070	CSharp_delete_SCIExperimentManagerProvider	_CSharp_delete_SCIExperimentManagerProvider@4	16
1019d090	CSharp_delete_SCIExperimentManagerProviderSwigBase	_CSharp_delete_SCIExperimentManagerProviderSwigBase@4	16
1019d0b0	CSharp_delete_SCIFeatureManager	_CSharp_delete_SCIFeatureManager@4	16
1019d0d0	CSharp_delete_SCIGetAboutSonosStringCB	_CSharp_delete_SCIGetAboutSonosStringCB@4	16
1019d0f0	CSharp_delete_SCIGetAboutSonosStringCBSwigBase	_CSharp_delete_SCIGetAboutSonosStringCBSwigBase@4	16
1019d110	CSharp_delete_SCIGetSonosPlaylistsCB	_CSharp_delete_SCIGetSonosPlaylistsCB@4	16
1019d130	CSharp_delete_SCIGetSonosPlaylistsCBSwigBase	_CSharp_delete_SCIGetSonosPlaylistsCBSwigBase@4	16
1019d150	CSharp_delete_SCIGroupVolume	_CSharp_delete_SCIGroupVolume@4	16
1019d170	CSharp_delete_SCIHapticDelegate	_CSharp_delete_SCIHapticDelegate@4	16
1019d190	CSharp_delete_SCIHapticDelegateSwigBase	_CSharp_delete_SCIHapticDelegateSwigBase@4	16
1019d1b0	CSharp_delete_SCIHousehold	_CSharp_delete_SCIHousehold@4	16
1019d1d0	CSharp_delete_SCIInAppMessaging	_CSharp_delete_SCIInAppMessaging@4	16
1019d1f0	CSharp_delete_SCIInAppMessagingProvider	_CSharp_delete_SCIInAppMessagingProvider@4	16
1019d210	CSharp_delete_SCIInAppMessagingProviderSwigBase	_CSharp_delete_SCIInAppMessagingProviderSwigBase@4	16
1019d230	CSharp_delete_SCIInAppProduct	_CSharp_delete_SCIInAppProduct@4	16
1019d250	CSharp_delete_SCIInAppProductCallback	_CSharp_delete_SCIInAppProductCallback@4	16
1019d270	CSharp_delete_SCIInAppPurchaseCallback	_CSharp_delete_SCIInAppPurchaseCallback@4	16
1019d290	CSharp_delete_SCIInAppPurchaseCallbackToken	_CSharp_delete_SCIInAppPurchaseCallbackToken@4	16
1019d2b0	CSharp_delete_SCIInAppPurchaseManager	_CSharp_delete_SCIInAppPurchaseManager@4	16
1019d2d0	CSharp_delete_SCIInAppPurchaseManagerProvider	_CSharp_delete_SCIInAppPurchaseManagerProvider@4	16
1019d2f0	CSharp_delete_SCIInAppPurchaseManagerProviderSwigBase	_CSharp_delete_SCIInAppPurchaseManagerProviderSwigBase@4	16
1019d310	CSharp_delete_SCIIndexManager	_CSharp_delete_SCIIndexManager@4	16
1019d330	CSharp_delete_SCIInfoViewHeaderDataSource	_CSharp_delete_SCIInfoViewHeaderDataSource@4	16
1019d350	CSharp_delete_SCIInfoViewHeaderItem	_CSharp_delete_SCIInfoViewHeaderItem@4	16
1019d370	CSharp_delete_SCIInfoViewTextPaneMetadata	_CSharp_delete_SCIInfoViewTextPaneMetadata@4	16
1019d390	CSharp_delete_SCIInput	_CSharp_delete_SCIInput@4	16
1019d3b0	CSharp_delete_SCIIntArray	_CSharp_delete_SCIIntArray@4	16
1019d3d0	CSharp_delete_SCIIntegerSettingsProperty	_CSharp_delete_SCIIntegerSettingsProperty@4	16
1019d3f0	CSharp_delete_SCILandingPage	_CSharp_delete_SCILandingPage@4	16
1019d410	CSharp_delete_SCILandingPageSection	_CSharp_delete_SCILandingPageSection@4	16
1019d430	CSharp_delete_SCILandingPageTile	_CSharp_delete_SCILandingPageTile@4	16
1019d450	CSharp_delete_SCILibrary	_CSharp_delete_SCILibrary@4	16
1019d470	CSharp_delete_SCILibraryTests	_CSharp_delete_SCILibraryTests@4	16
1019d490	CSharp_delete_SCILifecycleAppProvider	_CSharp_delete_SCILifecycleAppProvider@4	16
1019d4b0	CSharp_delete_SCILifecycleAppProviderSwigBase	_CSharp_delete_SCILifecycleAppProviderSwigBase@4	16
1019d4d0	CSharp_delete_SCILinkSettingsProperty	_CSharp_delete_SCILinkSettingsProperty@4	16
1019d4f0	CSharp_delete_SCILocalMediaCollection	_CSharp_delete_SCILocalMediaCollection@4	16
1019d510	CSharp_delete_SCILocalMediaCollectionListener	_CSharp_delete_SCILocalMediaCollectionListener@4	16
1019d530	CSharp_delete_SCILocalMediaCollectionSwigBase	_CSharp_delete_SCILocalMediaCollectionSwigBase@4	16
1019d550	CSharp_delete_SCILocalMusicBrowseItemInfo	_CSharp_delete_SCILocalMusicBrowseItemInfo@4	16
1019d570	CSharp_delete_SCILocalMusicBrowseItemInfoSwigBase	_CSharp_delete_SCILocalMusicBrowseItemInfoSwigBase@4	16
1019d590	CSharp_delete_SCILocalMusicSearchableDelegate	_CSharp_delete_SCILocalMusicSearchableDelegate@4	16
1019d5b0	CSharp_delete_SCILocalMusicSearchableDelegateSwigBase	_CSharp_delete_SCILocalMusicSearchableDelegateSwigBase@4	16
1019d5d0	CSharp_delete_SCILogging	_CSharp_delete_SCILogging@4	16
1019d5f0	CSharp_delete_SCILoggingProvider	_CSharp_delete_SCILoggingProvider@4	16
1019d610	CSharp_delete_SCILoggingProviderSwigBase	_CSharp_delete_SCILoggingProviderSwigBase@4	16
1019d630	CSharp_delete_SCILogoArtworkCache	_CSharp_delete_SCILogoArtworkCache@4	16
1019d650	CSharp_delete_SCIMdnsDelegate	_CSharp_delete_SCIMdnsDelegate@4	16
1019d670	CSharp_delete_SCIMdnsDelegateSwigBase	_CSharp_delete_SCIMdnsDelegateSwigBase@4	16
1019d690	CSharp_delete_SCIMdnsListener	_CSharp_delete_SCIMdnsListener@4	16
1019d6b0	CSharp_delete_SCIMusicServer	_CSharp_delete_SCIMusicServer@4	16
1019d6d0	CSharp_delete_SCIMusicServerBrowseDelegate	_CSharp_delete_SCIMusicServerBrowseDelegate@4	16
1019d6f0	CSharp_delete_SCIMusicServerBrowseDelegateSwigBase	_CSharp_delete_SCIMusicServerBrowseDelegateSwigBase@4	16
1019d710	CSharp_delete_SCIMusicServerDelegate	_CSharp_delete_SCIMusicServerDelegate@4	16
1019d730	CSharp_delete_SCIMusicServerDelegateSwigBase	_CSharp_delete_SCIMusicServerDelegateSwigBase@4	16
1019d750	CSharp_delete_SCIMusicServiceDetail	_CSharp_delete_SCIMusicServiceDetail@4	16
1019d770	CSharp_delete_SCIMusicServiceMenu	_CSharp_delete_SCIMusicServiceMenu@4	16
1019d790	CSharp_delete_SCIMusicServiceMenuItem	_CSharp_delete_SCIMusicServiceMenuItem@4	16
1019d7b0	CSharp_delete_SCINetstartListener	_CSharp_delete_SCINetstartListener@4	16
1019d7d0	CSharp_delete_SCINetstartListenerSwigBase	_CSharp_delete_SCINetstartListenerSwigBase@4	16
1019d7f0	CSharp_delete_SCINetstartScanListEntry	_CSharp_delete_SCINetstartScanListEntry@4	16
1019d810	CSharp_delete_SCINetworkManagement	_CSharp_delete_SCINetworkManagement@4	16
1019d830	CSharp_delete_SCINetworkManagementDelegate	_CSharp_delete_SCINetworkManagementDelegate@4	16
1019d850	CSharp_delete_SCINetworkManagementDelegateSwigBase	_CSharp_delete_SCINetworkManagementDelegateSwigBase@4	16
1019d870	CSharp_delete_SCINewWizController	_CSharp_delete_SCINewWizController@4	16
1019d890	CSharp_delete_SCINewWizDelegate	_CSharp_delete_SCINewWizDelegate@4	16
1019d8b0	CSharp_delete_SCINewWizDelegateSwigBase	_CSharp_delete_SCINewWizDelegateSwigBase@4	16
1019d8d0	CSharp_delete_SCINewWizManager	_CSharp_delete_SCINewWizManager@4	16
1019d8f0	CSharp_delete_SCINfcDelegate	_CSharp_delete_SCINfcDelegate@4	16
1019d910	CSharp_delete_SCINfcDelegateSwigBase	_CSharp_delete_SCINfcDelegateSwigBase@4	16
1019d930	CSharp_delete_SCINfcListener	_CSharp_delete_SCINfcListener@4	16
1019d950	CSharp_delete_SCINowPlaying	_CSharp_delete_SCINowPlaying@4	16
1019d970	CSharp_delete_SCINowPlayingRatings	_CSharp_delete_SCINowPlayingRatings@4	16
1019d990	CSharp_delete_SCINowPlayingSleepTimer	_CSharp_delete_SCINowPlayingSleepTimer@4	16
1019d9b0	CSharp_delete_SCINowPlayingSource	_CSharp_delete_SCINowPlayingSource@4	16
1019d9d0	CSharp_delete_SCINowPlayingTransport	_CSharp_delete_SCINowPlayingTransport@4	16
1019d9f0	CSharp_delete_SCIObj	_CSharp_delete_SCIObj@4	16
1019da10	CSharp_delete_SCIOp	_CSharp_delete_SCIOp@4	16
1019da30	CSharp_delete_SCIOpAVTransportEndDirectControlSession	_CSharp_delete_SCIOpAVTransportEndDirectControlSession@4	16
1019da50	CSharp_delete_SCIOpAVTransportGetPositionInfo	_CSharp_delete_SCIOpAVTransportGetPositionInfo@4	16
1019da70	CSharp_delete_SCIOpAVTransportGetRemainingSleepTimerDuration	_CSharp_delete_SCIOpAVTransportGetRemainingSleepTimerDuration@4	16
1019da90	CSharp_delete_SCIOpAddServiceAccount	_CSharp_delete_SCIOpAddServiceAccount@4	16
1019dab0	CSharp_delete_SCIOpAddTracksToQueue	_CSharp_delete_SCIOpAddTracksToQueue@4	16
1019dad0	CSharp_delete_SCIOpAlarmSave	_CSharp_delete_SCIOpAlarmSave@4	16
1019daf0	CSharp_delete_SCIOpAudioInGetAudioInputAttributes	_CSharp_delete_SCIOpAudioInGetAudioInputAttributes@4	16
1019db10	CSharp_delete_SCIOpAudioInGetLineInLevel	_CSharp_delete_SCIOpAudioInGetLineInLevel@4	16
1019db30	CSharp_delete_SCIOpCB	_CSharp_delete_SCIOpCB@4	16
1019db50	CSharp_delete_SCIOpCBSwigBase	_CSharp_delete_SCIOpCBSwigBase@4	16
1019db70	CSharp_delete_SCIOpConnectionManagerGetProtocolInfo	_CSharp_delete_SCIOpConnectionManagerGetProtocolInfo@4	16
1019db90	CSharp_delete_SCIOpDeviceDelete	_CSharp_delete_SCIOpDeviceDelete@4	16
1019dbb0	CSharp_delete_SCIOpDeviceGet	_CSharp_delete_SCIOpDeviceGet@4	16
1019dbd0	CSharp_delete_SCIOpDevicePost	_CSharp_delete_SCIOpDevicePost@4	16
1019dbf0	CSharp_delete_SCIOpDevicePropertiesGetAutoplayLinkedZones	_CSharp_delete_SCIOpDevicePropertiesGetAutoplayLinkedZones@4	16
1019dc10	CSharp_delete_SCIOpDevicePropertiesGetAutoplayRoomUUID	_CSharp_delete_SCIOpDevicePropertiesGetAutoplayRoomUUID@4	16
1019dc30	CSharp_delete_SCIOpDevicePropertiesGetAutoplayVolume	_CSharp_delete_SCIOpDevicePropertiesGetAutoplayVolume@4	16
1019dc50	CSharp_delete_SCIOpDevicePropertiesGetButtonLockState	_CSharp_delete_SCIOpDevicePropertiesGetButtonLockState@4	16
1019dc70	CSharp_delete_SCIOpDevicePropertiesGetLEDState	_CSharp_delete_SCIOpDevicePropertiesGetLEDState@4	16
1019dc90	CSharp_delete_SCIOpDevicePropertiesGetUseAutoplayVolume	_CSharp_delete_SCIOpDevicePropertiesGetUseAutoplayVolume@4	16
1019dcb0	CSharp_delete_SCIOpDevicePut	_CSharp_delete_SCIOpDevicePut@4	16
1019dcd0	CSharp_delete_SCIOpFactory	_CSharp_delete_SCIOpFactory@4	16
1019dcf0	CSharp_delete_SCIOpGenericUpdateQueue	_CSharp_delete_SCIOpGenericUpdateQueue@4	16
1019dd10	CSharp_delete_SCIOpGetAboutSonosString	_CSharp_delete_SCIOpGetAboutSonosString@4	16
1019dd30	CSharp_delete_SCIOpGetTrackPositionInfo	_CSharp_delete_SCIOpGetTrackPositionInfo@4	16
1019dd50	CSharp_delete_SCIOpGetUsageDataShareOption	_CSharp_delete_SCIOpGetUsageDataShareOption@4	16
1019dd70	CSharp_delete_SCIOpLoadLogo	_CSharp_delete_SCIOpLoadLogo@4	16
1019dd90	CSharp_delete_SCIOpNetstartGetScanList	_CSharp_delete_SCIOpNetstartGetScanList@4	16
1019ddb0	CSharp_delete_SCIOpQueueReplaceAllTracks	_CSharp_delete_SCIOpQueueReplaceAllTracks@4	16
1019ddd0	CSharp_delete_SCIOpRenderingControlGetOutputFixed	_CSharp_delete_SCIOpRenderingControlGetOutputFixed@4	16
1019ddf0	CSharp_delete_SCIOpRenderingControlGetSupportsOutputFixed	_CSharp_delete_SCIOpRenderingControlGetSupportsOutputFixed@4	16
1019de10	CSharp_delete_SCIOpReplaceAccount	_CSharp_delete_SCIOpReplaceAccount@4	16
1019de30	CSharp_delete_SCIOpSubmitDiagnostics	_CSharp_delete_SCIOpSubmitDiagnostics@4	16
1019de50	CSharp_delete_SCIOpSystemPropertyGetRDM	_CSharp_delete_SCIOpSystemPropertyGetRDM@4	16
1019de70	CSharp_delete_SCIOpSystemPropertyGetString	_CSharp_delete_SCIOpSystemPropertyGetString@4	16
1019de90	CSharp_delete_SCIOpValidateServiceCredentials	_CSharp_delete_SCIOpValidateServiceCredentials@4	16
1019deb0	CSharp_delete_SCIOpZoneGroupTopologyGetZoneGroupState	_CSharp_delete_SCIOpZoneGroupTopologyGetZoneGroupState@4	16
1019ded0	CSharp_delete_SCIOperationProgress	_CSharp_delete_SCIOperationProgress@4	16
1019df10	CSharp_delete_SCIPlayQueue	_CSharp_delete_SCIPlayQueue@4	16
1019df30	CSharp_delete_SCIPlayQueueItemState	_CSharp_delete_SCIPlayQueueItemState@4	16
1019df50	CSharp_delete_SCIPlayQueueMgr	_CSharp_delete_SCIPlayQueueMgr@4	16
1019df70	CSharp_delete_SCIPortableDevice	_CSharp_delete_SCIPortableDevice@4	16
1019df90	CSharp_delete_SCIPowerscrollDataSource	_CSharp_delete_SCIPowerscrollDataSource@4	16
1019dfb0	CSharp_delete_SCIProperty	_CSharp_delete_SCIProperty@4	16
1019dfd0	CSharp_delete_SCIPropertyBag	_CSharp_delete_SCIPropertyBag@4	16
1019dff0	CSharp_delete_SCIRecurrence	_CSharp_delete_SCIRecurrence@4	16
1019e010	CSharp_delete_SCIResource	_CSharp_delete_SCIResource@4	16
1019e030	CSharp_delete_SCIResourceHelper	_CSharp_delete_SCIResourceHelper@4	16
1019e050	CSharp_delete_SCIRoomResource	_CSharp_delete_SCIRoomResource@4	16
1019e070	CSharp_delete_SCISavedDataProvider	_CSharp_delete_SCISavedDataProvider@4	16
1019e090	CSharp_delete_SCISavedDataProviderSwigBase	_CSharp_delete_SCISavedDataProviderSwigBase@4	16
1019e0b0	CSharp_delete_SCIScrobblingService	_CSharp_delete_SCIScrobblingService@4	16
1019e0d0	CSharp_delete_SCISearchHistoryBrowseDataSource	_CSharp_delete_SCISearchHistoryBrowseDataSource@4	16
1019e0f0	CSharp_delete_SCISearchHistoryBrowseItem	_CSharp_delete_SCISearchHistoryBrowseItem@4	16
1019e110	CSharp_delete_SCISearchHistoryPageDataSource	_CSharp_delete_SCISearchHistoryPageDataSource@4	16
1019e130	CSharp_delete_SCISearchHistoryViewBrowseItem	_CSharp_delete_SCISearchHistoryViewBrowseItem@4	16
1019e150	CSharp_delete_SCISearchParameters	_CSharp_delete_SCISearchParameters@4	16
1019e170	CSharp_delete_SCISearchQuery	_CSharp_delete_SCISearchQuery@4	16
1019e190	CSharp_delete_SCISearchResultBrowseItem	_CSharp_delete_SCISearchResultBrowseItem@4	16
1019e1b0	CSharp_delete_SCISearchable	_CSharp_delete_SCISearchable@4	16
1019e1d0	CSharp_delete_SCISearchableCategory	_CSharp_delete_SCISearchableCategory@4	16
1019e1f0	CSharp_delete_SCISecureStore	_CSharp_delete_SCISecureStore@4	16
1019e210	CSharp_delete_SCISecureStoreSwigBase	_CSharp_delete_SCISecureStoreSwigBase@4	16
1019e230	CSharp_delete_SCISecurityContext	_CSharp_delete_SCISecurityContext@4	16
1019e250	CSharp_delete_SCISecurityContextSwigBase	_CSharp_delete_SCISecurityContextSwigBase@4	16
1019e270	CSharp_delete_SCISelectableItem	_CSharp_delete_SCISelectableItem@4	16
1019e290	CSharp_delete_SCISelectionManager	_CSharp_delete_SCISelectionManager@4	16
1019e2b0	CSharp_delete_SCIServiceAccount	_CSharp_delete_SCIServiceAccount@4	16
1019e2d0	CSharp_delete_SCIServiceAccountFilter	_CSharp_delete_SCIServiceAccountFilter@4	16
1019e2f0	CSharp_delete_SCIServiceAccountManager	_CSharp_delete_SCIServiceAccountManager@4	16
1019e310	CSharp_delete_SCIServiceAppInterop	_CSharp_delete_SCIServiceAppInterop@4	16
1019e330	CSharp_delete_SCIServiceAppInteropManager	_CSharp_delete_SCIServiceAppInteropManager@4	16
1019e350	CSharp_delete_SCIServiceAppInteropResponseDelegate	_CSharp_delete_SCIServiceAppInteropResponseDelegate@4	16
1019e370	CSharp_delete_SCIServiceAppInteropSwigBase	_CSharp_delete_SCIServiceAppInteropSwigBase@4	16
1019e390	CSharp_delete_SCIServiceDescriptor	_CSharp_delete_SCIServiceDescriptor@4	16
1019e3b0	CSharp_delete_SCIServiceDescriptorFilter	_CSharp_delete_SCIServiceDescriptorFilter@4	16
1019e3d0	CSharp_delete_SCIServiceDescriptorManager	_CSharp_delete_SCIServiceDescriptorManager@4	16
1019e3f0	CSharp_delete_SCIServicePopup	_CSharp_delete_SCIServicePopup@4	16
1019e410	CSharp_delete_SCISetting	_CSharp_delete_SCISetting@4	16
1019e430	CSharp_delete_SCISettingsBrowseItem	_CSharp_delete_SCISettingsBrowseItem@4	16
1019e450	CSharp_delete_SCISettingsMenu	_CSharp_delete_SCISettingsMenu@4	16
1019e470	CSharp_delete_SCISettingsMenuItem	_CSharp_delete_SCISettingsMenuItem@4	16
1019e490	CSharp_delete_SCISettingsProperty	_CSharp_delete_SCISettingsProperty@4	16
1019e4b0	CSharp_delete_SCISettingsSection	_CSharp_delete_SCISettingsSection@4	16
1019e4d0	CSharp_delete_SCIShare	_CSharp_delete_SCIShare@4	16
1019e4f0	CSharp_delete_SCIShareManager	_CSharp_delete_SCIShareManager@4	16
1019e510	CSharp_delete_SCISimpleMessagingService	_CSharp_delete_SCISimpleMessagingService@4	16
1019e530	CSharp_delete_SCISonarCalibrationManager	_CSharp_delete_SCISonarCalibrationManager@4	16
1019e550	CSharp_delete_SCISonosPlaylist	_CSharp_delete_SCISonosPlaylist@4	16
1019e570	CSharp_delete_SCISpinnerSettingsProperty	_CSharp_delete_SCISpinnerSettingsProperty@4	16
1019e590	CSharp_delete_SCIStackTraceCaptureDelegate	_CSharp_delete_SCIStackTraceCaptureDelegate@4	16
1019e5b0	CSharp_delete_SCIStackTraceCaptureDelegateSwigBase	_CSharp_delete_SCIStackTraceCaptureDelegateSwigBase@4	16
1019e5d0	CSharp_delete_SCIStringArray	_CSharp_delete_SCIStringArray@4	16
1019e5f0	CSharp_delete_SCIStringFromCustomSettingsProperty	_CSharp_delete_SCIStringFromCustomSettingsProperty@4	16
1019e610	CSharp_delete_SCIStringFromListSettingsProperty	_CSharp_delete_SCIStringFromListSettingsProperty@4	16
1019e630	CSharp_delete_SCIStringInput	_CSharp_delete_SCIStringInput@4	16
1019e650	CSharp_delete_SCIStringInputBase	_CSharp_delete_SCIStringInputBase@4	16
1019e670	CSharp_delete_SCIStringInputSwigBase	_CSharp_delete_SCIStringInputSwigBase@4	16
1019e690	CSharp_delete_SCIStringSettingsProperty	_CSharp_delete_SCIStringSettingsProperty@4	16
1019e6b0	CSharp_delete_SCIStringTemplate	_CSharp_delete_SCIStringTemplate@4	16
1019e6d0	CSharp_delete_SCISystem	_CSharp_delete_SCISystem@4	16
1019e6f0	CSharp_delete_SCISystemStatus	_CSharp_delete_SCISystemStatus@4	16
1019e710	CSharp_delete_SCISystemStatusManager	_CSharp_delete_SCISystemStatusManager@4	16
1019e730	CSharp_delete_SCISystemTime	_CSharp_delete_SCISystemTime@4	16
1019e750	CSharp_delete_SCITime	_CSharp_delete_SCITime@4	16
1019e770	CSharp_delete_SCITimeSettingsProperty	_CSharp_delete_SCITimeSettingsProperty@4	16
1019e790	CSharp_delete_SCITimeZone	_CSharp_delete_SCITimeZone@4	16
1019e7b0	CSharp_delete_SCITokenManager	_CSharp_delete_SCITokenManager@4	16
1019e7d0	CSharp_delete_SCITooltip	_CSharp_delete_SCITooltip@4	16
1019e7f0	CSharp_delete_SCITrackInfo	_CSharp_delete_SCITrackInfo@4	16
1019e810	CSharp_delete_SCITrackInfoSwigBase	_CSharp_delete_SCITrackInfoSwigBase@4	16
1019e850	CSharp_delete_SCIUrbanAirshipDelegate	_CSharp_delete_SCIUrbanAirshipDelegate@4	16
1019e870	CSharp_delete_SCIUrbanAirshipDelegateSwigBase	_CSharp_delete_SCIUrbanAirshipDelegateSwigBase@4	16
1019e890	CSharp_delete_SCIUrbanAirshipListener	_CSharp_delete_SCIUrbanAirshipListener@4	16
1019e8b0	CSharp_delete_SCIUrlConnection	_CSharp_delete_SCIUrlConnection@4	16
1019e8d0	CSharp_delete_SCIUrlConnectionSwigBase	_CSharp_delete_SCIUrlConnectionSwigBase@4	16
1019e8f0	CSharp_delete_SCIUrlRequest	_CSharp_delete_SCIUrlRequest@4	16
1019e910	CSharp_delete_SCIUrlSessionCallback	_CSharp_delete_SCIUrlSessionCallback@4	16
1019e930	CSharp_delete_SCIUrlSessionCallbackSwigBase	_CSharp_delete_SCIUrlSessionCallbackSwigBase@4	16
1019e950	CSharp_delete_SCIUrlSessionProvider	_CSharp_delete_SCIUrlSessionProvider@4	16
1019e970	CSharp_delete_SCIUrlSessionProviderSwigBase	_CSharp_delete_SCIUrlSessionProviderSwigBase@4	16
1019e990	CSharp_delete_SCIUserAccount	_CSharp_delete_SCIUserAccount@4	16
1019e9b0	CSharp_delete_SCIVSResponseListener	_CSharp_delete_SCIVSResponseListener@4	16
1019e9d0	CSharp_delete_SCIVersion	_CSharp_delete_SCIVersion@4	16
1019e9f0	CSharp_delete_SCIVersionRange	_CSharp_delete_SCIVersionRange@4	16
1019ea10	CSharp_delete_SCIVoiceServiceDelegate	_CSharp_delete_SCIVoiceServiceDelegate@4	16
1019ea30	CSharp_delete_SCIVoiceServiceDelegateSwigBase	_CSharp_delete_SCIVoiceServiceDelegateSwigBase@4	16
1019eaf0	CSharp_delete_SCIVpnDelegate	_CSharp_delete_SCIVpnDelegate@4	16
1019eb10	CSharp_delete_SCIVpnDelegateSwigBase	_CSharp_delete_SCIVpnDelegateSwigBase@4	16
1019eb30	CSharp_delete_SCIWebsocketCallback	_CSharp_delete_SCIWebsocketCallback@4	16
1019eb50	CSharp_delete_SCIWebsocketCallbackSwigBase	_CSharp_delete_SCIWebsocketCallbackSwigBase@4	16
1019ebf0	CSharp_delete_SCIWebsocketDelegate	_CSharp_delete_SCIWebsocketDelegate@4	16
1019ec10	CSharp_delete_SCIWebsocketDelegateSwigBase	_CSharp_delete_SCIWebsocketDelegateSwigBase@4	16
1019ec30	CSharp_delete_SCIWifiDelegate	_CSharp_delete_SCIWifiDelegate@4	16
1019ec50	CSharp_delete_SCIWifiDelegateSwigBase	_CSharp_delete_SCIWifiDelegateSwigBase@4	16
1019ec70	CSharp_delete_SCIWifiListener	_CSharp_delete_SCIWifiListener@4	16
1019ec90	CSharp_delete_SCIWizard	_CSharp_delete_SCIWizard@4	16
1019ecb0	CSharp_delete_SCIWizardComponentBuilder	_CSharp_delete_SCIWizardComponentBuilder@4	16
1019ecd0	CSharp_delete_SCIZoneGroup	_CSharp_delete_SCIZoneGroup@4	16
1019ecf0	CSharp_delete_SCIZoneGroupMgr	_CSharp_delete_SCIZoneGroupMgr@4	16
1019ef00	CSharp_delete_SCLibSonarAudioSampleCallback	_CSharp_delete_SCLibSonarAudioSampleCallback@4	16
1019ef40	CSharp_delete_SCLibSonarMotionDataCallback	_CSharp_delete_SCLibSonarMotionDataCallback@4	16
1019ef60	CSharp_delete_SCLibSonarPrepareForRecordingCallback	_CSharp_delete_SCLibSonarPrepareForRecordingCallback@4	16
1019ef80	CSharp_delete_SCLibSonarRawMotionDataCallback	_CSharp_delete_SCLibSonarRawMotionDataCallback@4	16
