entry	destination	reference_body_bytes
100407a5	10da8ef0	5
100407aa	104c29f0	5
100407af	104c4300	5
100407b4	1049fd00	5
100407b9	1038d9d0	5
100407be	1034e8c0	5
100407c3	102e43c0	5
100407c8	10291380	5
100407cd	1027e870	5
100407d2	101fa730	5
100407d7	101af0b0	5
100407dc	1017b6f0	5
100407e1	10116d30	5
100407e6	10145a60	5
100407eb	11419640	5
100407f0	1129da70	5
100407f5	1119d360	5
100407fa	1116a700	5
100407ff	10fcf300	5
10040804	10f7f5c0	5
10040809	10f62080	5
1004080e	10ef2d90	5
10040813	10e6d7a0	5
10040818	10e2aa60	5
1004081d	10b901f0	5
10040822	10ac0b70	5
10040827	1091c970	5
1004082c	107d0d70	5
10040831	106d97c0	5
10040836	111a7590	5
1004083b	10534640	5
10040840	10435180	5
10040845	103062e0	5
1004084a	102bd130	5
1004084f	10261170	5
10040854	10193bd0	5
10040859	10198ea0	5
1004085e	1019efc0	5
10040863	10123490	5
10040868	10126880	5
1004086d	11395e40	5
10040872	112215a0	5
10040877	1117d030	5
1004087c	11162e00	5
10040881	10fcb9a0	5
10040886	10f2bf40	5
1004088b	10ccf270	5
10040890	10b7b470	5
10040895	10a0bc10	5
1004089a	1081b850	5
1004089f	10813850	5
100408a4	107eccf0	5
100408a9	107e6b40	5
100408ae	1075a540	5
100408b3	1075ab00	5
100408b8	10726af0	5
100408bd	1063f830	5
100408c2	10360f70	5
100408c7	10359eb0	5
100408cc	1029b3e0	5
100408d1	101bc4c0	5
100408d6	101a2680	5
100408db	10170210	5
100408e0	11152380	5
100408e5	11027470	5
100408ea	10fcea60	5
100408ef	10fa02f0	5
100408f4	10eff4e0	5
100408f9	10e5b9a0	5
100408fe	10e663e0	5
10040903	10e1f460	5
10040908	10ffae40	5
1004090d	10ce2470	5
10040912	10c6a450	5
10040917	10c311b0	5
1004091c	10b93070	5
10040921	10b6d0a0	5
10040926	10b24990	5
1004092b	10a54000	5
10040930	10a52a60	5
10040935	10974bb0	5
1004093a	106e0020	5
1004093f	10585740	5
10040944	10337670	5
10040949	102ebdd0	5
1004094e	102fdde0	5
10040953	103d6e00	5
10040958	1019d210	5
1004095d	1146c560	5
10040962	11457c20	5
10040967	11428280	5
1004096c	112ad450	5
10040971	11235cf0	5
10040976	110f9cd0	5
1004097b	1101e170	5
10040980	10e3cad0	5
10040985	10db92a0	5
1004098a	10d23640	5
1004098f	10c019f0	5
10040994	10ba4030	5
10040999	10b91df0	5
1004099e	10b148e0	5
100409a3	10a49860	5
100409a8	109f8230	5
100409ad	109ef6a0	5
100409b2	10909050	5
100409b7	10703220	5
100409bc	106abbe0	5
100409c1	1059f730	5
100409c6	104a8b50	5
100409cb	103a5b80	5
100409d0	11131e60	5
100409d5	10301cd0	5
100409da	11435f30	5
100409df	113972d0	5
100409e4	112ee080	5
100409e9	10fcf320	5
100409ee	10f21ad3	5
100409f3	10d0a240	5
100409f8	10c32620	5
100409fd	10bd3ed0	5
10040a02	10b95710	5
10040a07	10a9be20	5
10040a0c	108f8f34	5
10040a11	1085deb0	5
10040a16	106e5e70	5
10040a1b	1069ad60	5
10040a20	10696920	5
10040a25	10656b40	5
10040a2a	10677ac0	5
10040a2f	105ff7f0	5
10040a34	105bbc80	5
10040a39	10533150	5
10040a3e	104061f0	5
10040a43	103a2f90	5
10040a48	10336210	5
10040a4d	103268f0	5
10040a52	102c5cf0	5
10040a57	1028df30	5
10040a5c	10270b40	5
10040a61	11225d20	5
10040a66	111d4760	5
10040a6b	111ca140	5
10040a70	111ab3c0	5
10040a75	111a2850	5
10040a7a	1115e790	5
10040a7f	111098e0	5
10040a84	110cb1b0	5
10040a89	110205b0	5
10040a8e	10fe8e80	5
10040a93	10f16570	5
10040a98	10eb40a2	5
10040a9d	10d6d880	5
10040aa2	10d4c547	5
10040aa7	10d20400	5
10040aac	10ce78b0	5
10040ab1	10c89a80	5
10040ab6	10c713f0	5
10040abb	10c56190	5
10040ac0	10c36040	5
10040ac5	10a932e0	5
10040aca	10a1d040	5
10040acf	109ef180	5
10040ad4	1081af1b	5
10040ad9	106feb00	5
10040ade	105cdf70	5
10040ae3	10599f10	5
10040ae8	10550ff0	5
10040aed	10412f60	5
10040af2	103e8230	5
10040af7	10367280	5
10040afc	10320aa0	5
10040b01	10313880	5
10040b06	102ae380	5
10040b0b	10282d30	5
10040b10	102693d0	5
10040b15	10234030	5
10040b1a	10233040	5
10040b1f	101b8380	5
10040b24	1017c310	5
10040b29	1012be70	5
10040b2e	10130f80	5
10040b33	1011eff0	5
10040b38	1140c750	5
10040b3d	112f5420	5
10040b42	110f6b60	5
10040b47	110c7c10	5
10040b4c	10fdac90	5
10040b51	10fcaa10	5
10040b56	10e5c4b0	5
10040b5b	10d9ba30	5
10040b60	10cd95a0	5
10040b65	10cc1cd0	5
10040b6a	10c92d70	5
10040b6f	10c6ad10	5
10040b74	10c619f0	5
10040b79	10c2b620	5
10040b7e	10bfc2c0	5
10040b83	10be3ff0	5
10040b88	10a811c0	5
10040b8d	10975fdd	5
10040b92	107ce2a0	5
10040b97	107cf2c0	5
10040b9c	105d7a50	5
10040ba1	105c44d0	5
10040ba6	1059c3d0	5
10040bab	104e6560	5
10040bb0	103b6ae0	5
10040bb5	103883e0	5
10040bba	103939c0	5
10040bbf	10332370	5
10040bc4	102e5b10	5
10040bc9	10221e40	5
10040bce	10176970	5
10040bd3	10159830	5
10040bd8	101964f0	5
10040bdd	10137600	5
10040be2	112b1870	5
10040be7	11208e90	5
10040bec	110ca880	5
10040bf1	110c1ab0	5
10040bf6	1104fb00	5
10040bfb	10ff87b0	5
10040c00	10f6ee20	5
10040c05	10d26300	5
10040c0a	10d193b0	5
10040c0f	10c7a380	5
10040c14	10c3da70	5
10040c19	10be9c80	5
10040c1e	10b73500	5
10040c23	10b70260	5
10040c28	10ac10b0	5
10040c2d	10a754d0	5
10040c32	108b5be0	5
10040c37	10846ea5	5
10040c3c	1075b5c0	5
10040c41	1072ab50	5
10040c46	1072d3f0	5
10040c4b	106dc150	5
10040c50	106b697c	5
10040c55	105b4c50	5
10040c5a	105a6320	5
10040c5f	104eeec0	5
10040c64	104e5100	5
10040c69	104c8e60	5
10040c6e	1046daf0	5
10040c73	10377bb0	5
10040c78	105b5b90	5
10040c7d	10bc24a0	5
10040c82	102dd23f	5
10040c87	10140530	5
10040c8c	10139b20	5
10040c91	112818b0	5
10040c96	111ff090	5
10040c9b	111d566d	5
10040ca0	111a50a0	5
10040ca5	11182480	5
10040caa	110e3630	5
10040caf	10fb0fe0	5
10040cb4	10f478b0	5
10040cb9	10f42ed0	5
10040cbe	10e19bd0	5
10040cc3	10da6eb0	5
10040cc8	10c6a4b0	5
10040ccd	10bfee60	5
10040cd2	10bab7b0	5
10040cd7	10b598f0	5
10040cdc	10b251f0	5
10040ce1	10a906d0	5
10040ce6	109f9af0	5
10040ceb	10894430	5
10040cf0	10846ff6	5
10040cf5	1082bfc0	5
10040cfa	1076bed0	5
10040cff	10c9c090	5
10040d04	1059b400	5
10040d09	10433390	5
10040d0e	104035e0	5
10040d13	103a9404	5
10040d18	102d7600	5
10040d1d	101fd920	5
10040d22	101fd250	5
10040d27	101fc700	5
10040d2c	101f4d90	5
10040d31	1017cd30	5
10040d36	101700f0	5
10040d3b	101340d0	5
10040d40	112496a0	5
10040d45	110f96b0	5
10040d4a	110dbc80	5
10040d4f	110d5970	5
10040d54	1107dcc0	5
10040d59	10f41a30	5
10040d5e	10f26a90	5
10040d63	10e29410	5
10040d68	10dc56f0	5
10040d6d	10cbc890	5
10040d72	10b602f0	5
10040d77	10ac0a70	5
10040d7c	10a81050	5
10040d81	10a61900	5
10040d86	109f3c40	5
10040d8b	108824e0	5
10040d90	10864940	5
10040d95	10792130	5
10040d9a	106928b0	5
10040d9f	105a1a80	5
10040da4	10578730	5
10040da9	104e50e0	5
10040dae	1041aa80	5
10040db3	10405220	5
10040db8	10d1e130	5
10040dbd	1035fda0	5
10040dc2	11138b60	5
10040dc7	102c45c0	5
10040dcc	102c8ee0	5
10040dd1	1028ca60	5
10040dd6	101e22f0	5
10040ddb	101bc4f0	5
10040de0	1017c540	5
10040de5	112c9de0	5
10040dea	11227b10	5
10040def	1102afe0	5
10040df4	10f58190	5
10040df9	10e609b0	5
10040dfe	10e45800	5
10040e03	10d518b0	5
10040e08	10cb1860	5
10040e0d	10c62330	5
10040e12	10c53f40	5
10040e17	10c40190	5
10040e1c	10b95730	5
10040e21	10b88cb0	5
10040e26	10b89340	5
10040e2b	10b09d70	5
10040e30	10949c40	5
10040e35	1092a8d0	5
10040e3a	108104b0	5
10040e3f	10694de0	5
10040e44	10579430	5
10040e49	104e4b60	5
10040e4e	104dc210	5
10040e53	104a8fa0	5
10040e58	10488000	5
10040e5d	1040cce0	5
10040e62	1049e490	5
10040e67	1019a800	5
10040e6c	1016bbb0	5
10040e71	10196b70	5
10040e76	11294990	5
10040e7b	111c3c70	5
10040e80	11137e60	5
10040e85	110c98d0	5
10040e8a	10fefe90	5
10040e8f	10fd1770	5
10040e94	10fadd00	5
10040e99	10f7b1f0	5
10040e9e	10deb780	5
10040ea3	10d13d70	5
10040ea8	10cb1bc0	5
10040ead	10bd9f30	5
10040eb2	10b7dd70	5
10040eb7	109a8190	5
10040ebc	10989690	5
10040ec1	10862373	5
10040ec6	106b2f90	5
10040ecb	10596820	5
10040ed0	104fb950	5
10040ed5	104eae30	5
10040eda	1041f2a0	5
10040edf	103e3b60	5
10040ee4	103bf7b0	5
10040ee9	10375f40	5
10040eee	10313c90	5
10040ef3	1028cfb0	5
10040ef8	101fb790	5
10040efd	101d793f	5
10040f02	101cb590	5
10040f07	101a3b40	5
10040f0c	1019ea30	5
10040f11	1019b180	5
10040f16	10125630	5
10040f1b	1139ad80	5
10040f20	112ee500	5
10040f25	11268bb0	5
10040f2a	112177f0	5
10040f2f	112328d0	5
10040f34	11042ac0	5
10040f39	11036950	5
10040f3e	10fb36e0	5
10040f43	10f6b6f0	5
10040f48	10f6a950	5
10040f4d	10e68de0	5
10040f52	10e26a20	5
10040f57	10e096b0	5
10040f5c	10d9a400	5
10040f61	10ceec40	5
10040f66	10c47020	5
10040f6b	10bd7bd0	5
10040f70	10b6dde0	5
10040f75	10b2dd10	5
10040f7a	10abe010	5
10040f7f	106241c0	5
10040f84	105f2360	5
10040f89	105a7f60	5
10040f8e	1047a3b0	5
10040f93	105c6920	5
10040f98	10401770	5
10040f9d	103c3b78	5
10040fa2	10319540	5
10040fa7	10268890	5
10040fac	1022db30	5
10040fb1	10437a40	5
10040fb6	101e5720	5
10040fbb	10120460	5
10040fc0	1012b880	5
10040fc5	112f40b0	5
10040fca	11243130	5
10040fcf	111f4e90	5
10040fd4	111847f0	5
10040fd9	11147d10	5
10040fde	1101d910	5
10040fe3	10d89400	5
10040fe8	10d6a850	5
10040fed	10d5ef40	5
10040ff2	10d178c0	5
10040ff7	10ceddd0	5
10040ffc	1145c190	5
10041001	10c56730	5
10041006	10c25580	5
1004100b	10b92890	5
10041010	10aff1d0	5
10041015	10a5255f	5
1004101a	109c50b0	5
1004101f	108bf230	5
10041024	108adae0	5
10041029	10861d70	5
1004102e	1081aebc	5
10041033	106ddd40	5
10041038	106a26d0	5
1004103d	1068c770	5
10041042	1062e6d0	5
10041047	105a89d0	5
1004104c	104dbb70	5
10041051	104acd00	5
10041056	103d1000	5
1004105b	1035bd80	5
10041060	1038f0f0	5
10041065	102b7950	5
1004106a	10249cf0	5
1004106f	10248300	5
10041074	1022d080	5
10041079	1020b1d0	5
1004107e	10177640	5
10041083	11417bd0	5
10041088	11246960	5
1004108d	111a7800	5
10041092	10f8345d	5
10041097	10e25000	5
1004109c	10df0b10	5
100410a1	10d6ad3e	5
100410a6	10d5eb50	5
100410ab	10c55540	5
100410b0	10bbf440	5
100410b5	10bbb590	5
100410ba	10baa860	5
100410bf	10abf10f	5
100410c4	10ab6470	5
100410c9	1096a320	5
100410ce	108fc2e0	5
100410d3	106f79e0	5
100410d8	106d33af	5
100410dd	105f2a70	5
100410e2	105d4acb	5
100410e7	1059ced0	5
100410ec	103e7770	5
100410f1	103c1700	5
100410f6	1036ea60	5
100410fb	10394c50	5
10041100	103113a0	5
10041105	10207560	5
1004110a	101239c0	5
1004110f	11208e45	5
10041114	111fbce0	5
10041119	1111e590	5
1004111e	1107b320	5
10041123	1101ff1b	5
10041128	10f834d0	5
1004112d	10f555a0	5
10041132	10f308f0	5
10041137	10d1e090	5
1004113c	10ca3ed0	5
10041141	10c544c0	5
10041146	10bebd60	5
1004114b	10b4f990	5
10041150	10a721b0	5
10041155	10685960	5
1004115a	104e4fc0	5
1004115f	10311e10	5
10041164	10308670	5
10041169	101e19f0	5
1004116e	10128270	5
10041173	1127d230	5
10041178	112490b0	5
1004117d	1110ca51	5
10041182	110ee450	5
10041187	11027fa0	5
1004118c	10fef870	5
10041191	10fab340	5
10041196	10faf650	5
1004119b	10f7c270	5
100411a0	10f78f90	5
100411a5	10f78770	5
100411aa	10f26680	5
100411af	10e5d5f0	5
100411b4	10ccdbf0	5
100411b9	10c439e0	5
100411be	10aeb010	5
100411c3	1091afb0	5
100411c8	108e3fb3	5
100411cd	108be850	5
100411d2	10557e50	5
100411d7	10504f20	5
100411dc	104fbd40	5
100411e1	1036a9b0	5
100411e6	102a7a80	5
100411eb	1145ad70	5
100411f0	102f3930	5
100411f5	1017cf40	5
100411fa	111a7f00	5
100411ff	11132950	5
10041204	111168d0	5
10041209	10fffaa0	5
1004120e	10feed80	5
10041213	10fb8660	5
10041218	10f1d2a0	5
1004121d	10f02150	5
10041222	10e8b350	5
10041227	10e9dbe0	5
1004122c	10e5d020	5
10041231	10dd91a0	5
10041236	10cf8d90	5
1004123b	10cdb610	5
10041240	10c705e0	5
10041245	10c74420	5
1004124a	10c3c4b0	5
1004124f	10c47000	5
10041254	10b6db53	5
10041259	10b25660	5
1004125e	10b0eca0	5
10041263	10a77360	5
10041268	10790757	5
1004126d	10658d60	5
10041272	10677b80	5
10041277	105b9160	5
1004127c	105a3700	5
10041281	1059f880	5
10041286	105855b0	5
1004128b	104f85c0	5
10041290	10471fa0	5
10041295	11243c80	5
1004129a	103f48a0	5
1004129f	1038da80	5
100412a4	1030ce40	5
100412a9	102fecc0	5
100412ae	10bf52c0	5
100412b3	10286e90	5
100412b8	110f69a0	5
100412bd	102313a0	5
100412c2	101ca810	5
100412c7	1014c230	5
100412cc	11465400	5
100412d1	11299dc0	5
100412d6	11238740	5
100412db	111ff060	5
100412e0	11178510	5
100412e5	1113625e	5
100412ea	110432e0	5
100412ef	10fde699	5
100412f4	10f8fa00	5
100412f9	10f43d80	5
100412fe	10ec18b0	5
10041303	10e465c0	5
10041308	10e46dc0	5
1004130d	10e303e0	5
10041312	10d76132	5
10041317	10d6db4d	5
1004131c	10c8c150	5
10041321	10c7d0b0	5
10041326	10c7d8f0	5
1004132b	10c7fbd0	5
10041330	10ba1b60	5
10041335	10b7c680	5
1004133a	10abeedc	5
1004133f	109fe350	5
10041344	10917180	5
10041349	10916dc0	5
1004134e	10905500	5
10041353	10838470	5
10041358	106d00d0	5
1004135d	1068c2a0	5
10041362	105dbf30	5
10041367	105e6ec0	5
1004136c	1055e570	5
10041371	10452230	5
10041376	103453c0	5
1004137b	10319980	5
10041380	110a0fd0	5
10041385	110a1010	5
1004138a	102be0e0	5
1004138f	1022e4f0	5
10041394	101c74e0	5
10041399	1140e890	5
1004139e	111acd50	5
100413a3	11188890	5
100413a8	1115ca20	5
100413ad	1111f260	5
100413b2	10fab330	5
100413b7	10edfbb6	5
100413bc	10eab640	5
100413c1	10e92340	5
100413c6	10e3e490	5
100413cb	10de57b6	5
100413d0	10c3d260	5
100413d5	10b55840	5
100413da	10af42f0	5
100413df	10957820	5
100413e4	10910490	5
100413e9	10859a00	5
100413ee	10801880	5
100413f3	1076da80	5
100413f8	10c9c3f0	5
100413fd	107581d0	5
10041402	1072b510	5
10041407	106bb2d0	5
1004140c	105f30e0	5
10041411	106199e0	5
10041416	105b5f80	5
1004141b	1054b290	5
10041420	104e4b20	5
10041425	104dd440	5
1004142a	102701c0	5
1004142f	101e76a0	5
10041434	101ae110	5
10041439	1017cca0	5
1004143e	112e9380	5
10041443	112aa2a0	5
10041448	1123aa70	5
1004144d	111d3360	5
10041452	111dba40	5
10041457	11159e30	5
1004145c	110dba20	5
10041461	11022940	5
10041466	10fb2650	5
1004146b	10e5f810	5
10041470	10de57c0	5
10041475	10d6db00	5
1004147a	10c75020	5
1004147f	10c40f90	5
10041484	10b557f0	5
10041489	10b26b40	5
1004148e	10b24c80	5
10041493	10aa70f0	5
10041498	10a52e90	5
1004149d	10a40e50	5
100414a2	109d8920	5
100414a7	1072ab60	5
100414ac	1072bd10	5
100414b1	106cba10	5
100414b6	10677ef0	5
100414bb	105514b0	5
100414c0	1051bef0	5
100414c5	103a5ce0	5
100414ca	10287140	5
100414cf	1021b750	5
100414d4	10207470	5
100414d9	101a9970	5
100414de	101a8ae0	5
100414e3	10198ff0	5
100414e8	101934b0	5
100414ed	1111f2b0	5
100414f2	11066480	5
100414f7	10fb33c0	5
100414fc	10f90950	5
10041501	10ee2870	5
10041506	10e61cc0	5
1004150b	10db2f80	5
10041510	10d41e5f	5
10041515	10d2a920	5
1004151a	10c8b4d0	5
1004151f	10bf5d10	5
10041524	10bf34a0	5
10041529	10b9bdd0	5
1004152e	10a67f70	5
10041533	10973060	5
10041538	1088f730	5
1004153d	106a4680	5
10041542	106488f0	5
10041547	103b7820	5
1004154c	10317810	5
10041551	10230bd0	5
10041556	101973b0	5
1004155b	101186b0	5
10041560	113babf0	5
10041565	112976c0	5
1004156a	11279290	5
1004156f	11243800	5
10041574	1118e320	5
10041579	11129030	5
1004157e	11104170	5
10041583	11101f30	5
10041588	11045620	5
1004158d	10fa7690	5
10041592	10f14330	5
10041597	10d45f90	5
1004159c	10c8a0a0	5
100415a1	10b36420	5
100415a6	10ab1e60	5
100415ab	10a41ce0	5
100415b0	109e2360	5
100415b5	109442f0	5
100415ba	106dcde0	5
100415bf	1058eba0	5
100415c4	10510a90	5
100415c9	10500520	5
100415ce	10474c80	5
100415d3	1042e000	5
100415d8	103e34c0	5
100415dd	103f2f50	5
100415e2	10d0c690	5
100415e7	10334620	5
100415ec	101e93b0	5
100415f1	1016a1c0	5
100415f6	113d0e30	5
100415fb	11278660	5
10041600	1116f610	5
10041605	1106b1e0	5
1004160a	10fdd1d0	5
1004160f	10f68560	5
10041614	10e79600	5
10041619	10e17350	5
1004161e	10d9f800	5
10041623	10d4f5dd	5
10041628	10c72370	5
1004162d	10c7beb0	5
10041632	10c49490	5
10041637	10bd2db0	5
1004163c	10b9b440	5
10041641	10b7e660	5
10041646	10a523a0	5
1004164b	10a05e20	5
10041650	10930c20	5
10041655	106e4e90	5
1004165a	106d3240	5
1004165f	10619880	5
10041664	104d1e90	5
10041669	104c3fb1	5
1004166e	10192890	5
10041673	1127d770	5
10041678	111437a0	5
1004167d	11167970	5
10041682	110a8870	5
10041687	110a0ec0	5
1004168c	10e24880	5
10041691	10d37640	5
10041696	10b8b9f0	5
1004169b	10ab9280	5
100416a0	108ca420	5
100416a5	107e7060	5
100416aa	1074b380	5
100416af	106b06c0	5
100416b4	106b2310	5
100416b9	1065c340	5
100416be	10566c60	5
100416c3	1052e470	5
100416c8	1041b760	5
100416cd	1032b1e0	5
100416d2	102ee690	5
100416d7	111c7810	5
100416dc	11182dc0	5
100416e1	1116b5c0	5
100416e6	111480a0	5
100416eb	1110e9a0	5
100416f0	10fe77d0	5
100416f5	10f68ab0	5
100416fa	10f4eff0	5
100416ff	10f1b740	5
10041704	10ee3510	5
10041709	10eabe90	5
1004170e	10e9d660	5
10041713	10e9cfe0	5
10041718	10e51650	5
1004171d	10dde8c0	5
10041722	10c3d0a0	5
10041727	10bd8820	5
1004172c	10bc6140	5
10041731	10b585e0	5
10041736	10b0a3f0	5
1004173b	10af5760	5
10041740	1077bce0	5
10041745	106e2930	5
1004174a	106d21e0	5
1004174f	10f06770	5
10041754	105d4940	5
10041759	103bd1bd	5
1004175e	1039f8b0	5
10041763	1035d4f0	5
10041768	10297e10	5
1004176d	1028ebb0	5
10041772	1022f8e0	5
10041777	101eacd0	5
1004177c	101b2be0	5
10041781	1019b410	5
10041786	10137c00	5
1004178b	1111e540	5
10041790	1109dda0	5
10041795	11247bb0	5
1004179a	10f6f990	5
1004179f	10f57840	5
100417a4	10ef4400	5
100417a9	10ee1aa0	5
100417ae	10dce5f0	5
100417b3	10d9ad30	5
100417b8	10c0dd80	5
100417bd	10b23da0	5
100417c2	10a9bc25	5
100417c7	109da830	5
100417cc	109d0320	5
100417d1	109cc5c0	5
100417d6	1082bed0	5
100417db	106bb2f0	5
100417e0	106833d0	5
100417e5	106558a0	5
100417ea	10601643	5
100417ef	105a34e0	5
100417f4	1059dad0	5
100417f9	10534b20	5
100417fe	104e6920	5
10041803	10485f38	5
10041808	103a9740	5
1004180d	1035ae70	5
10041812	103187f0	5
10041817	1118da60	5
1004181c	10fc36a0	5
10041821	10f15d80	5
10041826	10f159e0	5
1004182b	10d97570	5
10041830	10cdae20	5
10041835	10b8f3e0	5
1004183a	10ad6ed0	5
1004183f	10a403c0	5
10041844	10a0d8d0	5
10041849	109577c0	5
1004184e	10846cf5	5
10041853	1077f480	5
10041858	105c9c00	5
1004185d	10347420	5
10041862	1021e2c0	5
10041867	10204280	5
1004186c	1148a8d3	5
10041871	111d6c10	5
10041876	110ea3a0	5
1004187b	11042020	5
10041880	1102f9a5	5
10041885	10f11f30	5
1004188a	10f14190	5
1004188f	10dee380	5
10041894	10cf9362	5
10041899	10cf5ab0	5
1004189e	10cb1e00	5
100418a3	10b81a60	5
100418a8	10b35790	5
100418ad	10abfc70	5
100418b2	10a92830	5
100418b7	10976cc0	5
100418bc	10817240	5
100418c1	107be820	5
100418c6	10effbe0	5
100418cb	10691870	5
100418d0	104690e0	5
100418d5	103a4ab0	5
100418da	10367120	5
100418df	1032dd50	5
100418e4	110d8da0	5
100418e9	1030cbd0	5
100418ee	1030cf40	5
100418f3	102fe500	5
100418f8	102b8b1b	5
100418fd	101d71b0	5
10041902	101b4d40	5
10041907	1014c730	5
1004190c	11477160	5
10041911	1139abb0	5
10041916	11214030	5
1004191b	1115d5b0	5
10041920	110f1710	5
10041925	10fb6410	5
1004192a	10ef4450	5
1004192f	10e97c20	5
10041934	10dd97a0	5
10041939	10db9a40	5
1004193e	10fd2590	5
10041943	10c76140	5
10041948	10c70480	5
1004194d	10c6b2f0	5
10041952	10b92120	5
10041957	1090a560	5
1004195c	107cf510	5
10041961	10649100	5
10041966	10624540	5
1004196b	105d76a0	5
10041970	10475d20	5
10041975	10365d00	5
1004197a	1033a080	5
1004197f	10340bd0	5
10041984	103288e0	5
10041989	1028ce30	5
1004198e	101d7d60	5
10041993	101b6ff0	5
10041998	1019a740	5
1004199d	11486920	5
100419a2	111ff030	5
100419a7	1118eb20	5
100419ac	1114b5a0	5
100419b1	110ad480	5
100419b6	110f53b0	5
100419bb	10f8c310	5
100419c0	10f4ba20	5
100419c5	10ea6760	5
100419ca	10e5a6b0	5
100419cf	10e39af0	5
100419d4	10d6a8a0	5
100419d9	10d69740	5
100419de	10d4c250	5
100419e3	10d3b6c0	5
100419e8	10cad330	5
100419ed	10c708a0	5
100419f2	10c42300	5
100419f7	10c2c220	5
100419fc	10bf5fd0	5
10041a01	10b1bc40	5
10041a06	10b0ec60	5
10041a0b	10a1c8b0	5
10041a10	10893480	5
10041a15	1087e180	5
10041a1a	1086c320	5
10041a1f	105f8d00	5
10041a24	10550820	5
10041a29	10505800	5
10041a2e	1040dfb0	5
10041a33	103cead0	5
10041a38	103810f0	5
10041a3d	102a1d50	5
10041a42	1027f440	5
10041a47	10267690	5
10041a4c	101d9fe0	5
10041a51	10124260	5
10041a56	10193fb0	5
10041a5b	110a0eb0	5
10041a60	10e9cda0	5
10041a65	10db3360	5
10041a6a	10c238a0	5
10041a6f	10bf0600	5
10041a74	10b96690	5
10041a79	10b82cf0	5
10041a7e	10b4ae50	5
10041a83	108e4690	5
10041a88	105c71c0	5
10041a8d	105964b0	5
10041a92	104e1de0	5
10041a97	104ada70	5
10041a9c	10303ed0	5
10041aa1	102eee40	5
10041aa6	102fe520	5
10041aab	102c0b00	5
10041ab0	1025d240	5
10041ab5	1022efa0	5
10041aba	102365a0	5
10041abf	101a9990	5
10041ac4	1015bae0	5
10041ac9	10138e90	5
10041ace	1124f720	5
10041ad3	112233e0	5
10041ad8	111a9e70	5
10041add	111846a0	5
10041ae2	11159540	5
10041ae7	11112460	5
10041aec	11074db0	5
10041af1	10f61670	5
10041af6	10f10160	5
10041afb	10c3f0e0	5
10041b00	10a76d30	5
10041b05	10949750	5
10041b0a	108c7440	5
10041b0f	10891bf0	5
10041b14	1081a850	5
10041b19	10796680	5
10041b1e	1077f420	5
10041b23	10751460	5
10041b28	10626ec0	5
10041b2d	10ebc480	5
10041b32	105a8ef0	5
10041b37	10534ee0	5
10041b3c	10455150	5
10041b41	104422d9	5
10041b46	10352b30	5
10041b4b	103919e0	5
10041b50	1038d6b0	5
10041b55	102dc8c0	5
10041b5a	1110b7c0	5
10041b5f	11456f30	5
10041b64	110708b0	5
10041b69	1103c2c0	5
10041b6e	10f9cae0	5
10041b73	10f37390	5
10041b78	10e09180	5
10041b7d	10c73950	5
10041b82	10c70770	5
10041b87	10bda3f0	5
10041b8c	10aa4890	5
10041b91	10df9fb0	5
10041b96	10745b80	5
10041b9b	106d5d40	5
10041ba0	1059bf50	5
10041ba5	1055d490	5
10041baa	104d7500	5
10041baf	10484b10	5
10041bb4	104173f0	5
10041bb9	1040f9d0	5
10041bbe	103fe6e0	5
10041bc3	10358720	5
10041bc8	10294de0	5
10041bcd	1077bcd0	5
10041bd2	10247de0	5
10041bd7	1014bf80	5
10041bdc	101869d0	5
10041be1	101308b0	5
10041be6	113fc780	5
10041beb	1112be60	5
10041bf0	11126990	5
10041bf5	110d57c0	5
10041bfa	110673b0	5
10041bff	1102d560	5
10041c04	11020d50	5
10041c09	10f4e860	5
10041c0e	10f259c0	5
10041c13	10f10330	5
10041c18	10fd35d0	5
10041c1d	10c844d0	5
10041c22	10bcb650	5
10041c27	10a21de0	5
10041c2c	1091b370	5
10041c31	1087fe20	5
10041c36	10847110	5
10041c3b	106e5cc8	5
10041c40	106d7680	5
10041c45	1057b1b0	5
10041c4a	1052e320	5
10041c4f	10524879	5
10041c54	10471f40	5
10041c59	111392b0	5
10041c5e	101fedb0	5
10041c63	1017cdd0	5
10041c68	10127cd0	5
10041c6d	11285b90	5
10041c72	111d46c0	5
10041c77	111d8fa0	5
10041c7c	1110e690	5
10041c81	110c5450	5
10041c86	10f7e5a2	5
10041c8b	10e290a4	5
10041c90	10e1d9a0	5
10041c95	10e0beb0	5
10041c9a	10d83890	5
10041c9f	10d192f0	5
10041ca4	10cdc7c0	5
10041ca9	10bd29b0	5
10041cae	10ba9730	5
10041cb3	10b88f10	5
10041cb8	108e3920	5
10041cbd	1077e700	5
10041cc2	106e0f90	5
10041cc7	10f04fd0	5
10041ccc	106995d0	5
10041cd1	105be460	5
10041cd6	10573040	5
10041cdb	10459200	5
10041ce0	1036abf0	5
10041ce5	10304300	5
10041cea	102c7cf0	5
10041cef	102a1ef0	5
10041cf4	1024f970	5
10041cf9	10177790	5
10041cfe	1018a430	5
10041d03	10130ca0	5
10041d08	10118b30	5
10041d0d	101523c0	5
10041d12	112ace90	5
10041d17	111d2a50	5
10041d1c	110faae0	5
10041d21	110c5670	5
10041d26	1127ca70	5
10041d2b	10ff0cb0	5
10041d30	10f71b80	5
10041d35	10f0fd90	5
10041d3a	10e65f10	5
10041d3f	10dcd760	5
10041d44	10d223d0	5
10041d49	10d05f80	5
10041d4e	10cb6930	5
10041d53	10c1b920	5
10041d58	10bb67a0	5
10041d5d	10af8d00	5
10041d62	10abfa30	5
10041d67	10ac07f0	5
10041d6c	10aa65a5	5
10041d71	109f61a0	5
10041d76	10882ac0	5
10041d7b	1087e810	5
10041d80	10829040	5
10041d85	107636ce	5
10041d8a	1075a33a	5
10041d8f	107328a0	5
10041d94	106e5fc0	5
10041d99	106db870	5
10041d9e	106860c0	5
10041da3	10ed4430	5
10041da8	105fb540	5
10041dad	105a9650	5
10041db2	105a84e0	5
10041db7	103a9411	5
10041dbc	103503e0	5
10041dc1	10344300	5
10041dc6	102cc0f0	5
10041dcb	10263210	5
10041dd0	102513b0	5
10041dd5	10205570	5
10041dda	1015ed70	5
10041ddf	10119970	5
10041de4	114817c0	5
10041de9	112bef20	5
10041dee	112791e0	5
10041df3	11279650	5
10041df8	1117cb20	5
10041dfd	11182d50	5
10041e02	1118adc0	5
10041e07	110800e0	5
10041e0c	10e663d0	5
10041e11	10d669f3	5
10041e16	10ca9960	5
10041e1b	10c4a610	5
10041e20	10bca230	5
10041e25	10b8e900	5
10041e2a	10a7da70	5
10041e2f	1091c3c0	5
10041e34	108934d0	5
10041e39	10866550	5
10041e3e	1072d1b0	5
10041e43	1068fd50	5
10041e48	105d8890	5
10041e4d	105ba640	5
10041e52	105a62a0	5
10041e57	1041e470	5
10041e5c	103704a0	5
10041e61	103778c0	5
10041e66	102d46c0	5
10041e6b	10263060	5
10041e70	110a3340	5
10041e75	102253f0	5
10041e7a	101be130	5
10041e7f	10153980	5
10041e84	1016e260	5
10041e89	1018bf60	5
10041e8e	11407610	5
10041e93	111d5af0	5
10041e98	1113f550	5
10041e9d	11072620	5
10041ea2	1101d860	5
10041ea7	10f33ca0	5
10041eac	10e70080	5
10041eb1	10e46b70	5
10041eb6	10de3dc0	5
10041ebb	10dc3e80	5
10041ec0	10d6db24	5
10041ec5	10d61250	5
10041eca	10d4f5d0	5
10041ecf	10cc24a0	5
10041ed4	10ba75e0	5
10041ed9	10b54c90	5
10041ede	10b24ee3	5
10041ee3	10a679f0	5
10041ee8	10987f90	5
10041eed	108e3e10	5
10041ef2	108e4b40	5
10041ef7	108b5ec0	5
10041efc	106feb6f	5
10041f01	106fec70	5
10041f06	10692350	5
10041f0b	104cbd70	5
10041f10	104b3770	5
10041f15	104ae190	5
10041f1a	10461520	5
10041f1f	102ce650	5
10041f24	1022f920	5
10041f29	1014cf40	5
10041f2e	1019cc90	5
10041f33	1129a4e0	5
10041f38	1125bae0	5
10041f3d	1120b970	5
10041f42	11172850	5
10041f47	1110b440	5
10041f4c	110d5420	5
10041f51	10f50a60	5
10041f56	10e85c00	5
10041f5b	10e50bd0	5
10041f60	10c4ce50	5
10041f65	10c3f030	5
10041f6a	10c24fe0	5
10041f6f	10a45430	5
10041f74	1099f130	5
10041f79	108460c0	5
10041f7e	10788330	5
10041f83	1072b010	5
10041f88	106b5730	5
10041f8d	105aa870	5
10041f92	1042b8c0	5
10041f97	102cbf30	5
10041f9c	102972ca	5
10041fa1	102263b0	5
10041fa6	101eb3d0	5
10041fab	113da400	5
10041fb0	11208e60	5
10041fb5	111f5120	5
10041fba	1106b260	5
10041fbf	10f32d60	5
10041fc4	10f1ad30	5
10041fc9	10ee1af0	5
10041fce	10e9d460	5
10041fd3	10e60880	5
10041fd8	10e48460	5
10041fdd	10da9a60	5
10041fe2	10d91480	5
10041fe7	10d2aa70	5
10041fec	10ca8cf0	5
10041ff1	110cc7f0	5
10041ff6	10bfea40	5
10041ffb	10bda180	5
10042000	10b15610	5
10042005	10ac2140	5
1004200a	10a71810	5
1004200f	10990130	5
10042014	1082c0fc	5
10042019	108263d0	5
1004201e	1072afe0	5
10042023	10602000	5
10042028	104c74a0	5
1004202d	104361f0	5
10042032	1038deb0	5
10042037	1032dd30	5
1004203c	1032b7b0	5
10042041	10325590	5
10042046	101b6010	5
1004204b	101a8700	5
10042050	1016f150	5
10042055	1126e810	5
1004205a	11218ce0	5
1004205f	11162350	5
10042064	114589e0	5
10042069	110a9670	5
1004206e	1127fe00	5
10042073	110797c0	5
10042078	10f19760	5
1004207d	10c3cd20	5
10042082	10bd92c0	5
10042087	10bc0390	5
1004208c	1098db40	5
10042091	109911b0	5
10042096	10899b60	5
1004209b	10893950	5
100420a0	10829c50	5
100420a5	10803380	5
100420aa	106d01d0	5
100420af	106b5780	5
100420b4	10603040	5
100420b9	10916a90	5
100420be	10c9b9a0	5
100420c3	105f1600	5
100420c8	105ddaa0	5
100420cd	1059c1e0	5
100420d2	10472fa0	5
100420d7	10d93470	5
100420dc	11243de0	5
100420e1	10369c20	5
100420e6	10327330	5
100420eb	102d97e0	5
100420f0	10226730	5
100420f5	101da910	5
100420fa	101d33f0	5
100420ff	1012c250	5
10042104	1011c890	5
10042109	101260b0	5
1004210e	111f3d20	5
10042113	11185220	5
10042118	11173920	5
1004211d	1105eaa0	5
10042122	10f27390	5
10042127	10e9cbd0	5
1004212c	10e79730	5
10042131	10e5c060	5
10042136	10e30c40	5
1004213b	10c69140	5
10042140	10b96490	5
10042145	10abe100	5
1004214a	10a527f0	5
1004214f	109e4480	5
10042154	106f4a70	5
10042159	106b68a1	5
1004215e	106b8930	5
10042163	105a5370	5
10042168	105ad160	5
1004216d	106dfa00	5
10042172	10526950	5
10042177	105226e0	5
1004217c	10502000	5
10042181	102a4a50	5
10042186	1026fb70	5
1004218b	10228950	5
10042190	102201e9	5
10042195	101b7de0	5
1004219a	10193a50	5
1004219f	1014b560	5
100421a4	1019a150	5
100421a9	11472680	5
100421ae	11402800	5
100421b3	113deb50	5
100421b8	111891d0	5
100421bd	11042f40	5
100421c2	11020530	5
100421c7	10f7e600	5
100421cc	10da7640	5
100421d1	10d5da80	5
100421d6	10d27840	5
100421db	10d01ba0	5
100421e0	10b97360	5
100421e5	10b7cc90	5
100421ea	10b35b30	5
100421ef	109d9fc0	5
100421f4	1083fa80	5
100421f9	106f892d	5
100421fe	106b39f0	5
10042203	106017b5	5
10042208	10436ac0	5
1004220d	103c5640	5
10042212	1036e090	5
10042217	102cd830	5
1004221c	1028eb20	5
10042221	1020a120	5
10042226	1020a260	5
1004222b	101bde90	5
10042230	10189870	5
10042235	1012c790	5
1004223a	11483100	5
1004223f	11282db0	5
10042244	10fc0780	5
10042249	10f66d90	5
1004224e	10e22a40	5
10042253	10c18310	5
10042258	10af4f20	5
1004225d	10a906e0	5
10042262	1099f7c0	5
10042267	10961400	5
1004226c	1087e700	5
10042271	11287a00	5
10042276	104d6f60	5
1004227b	10482f40	5
10042280	1036d3f0	5
10042285	10311700	5
1004228a	10bbbf60	5
1004228f	102c1a50	5
10042294	10271460	5
10042299	101198f0	5
1004229e	11472b30	5
100422a3	1122b210	5
100422a8	111c3f50	5
100422ad	113e5370	5
100422b2	110b9740	5
100422b7	10d6abf0	5
100422bc	10c29640	5
100422c1	10bc6e10	5
100422c6	10b616a0	5
100422cb	10b32110	5
100422d0	10b22160	5
100422d5	10af4ea0	5
100422da	10a7f450	5
100422df	10d83ad0	5
100422e4	106941d0	5
100422e9	10686070	5
100422ee	10591eb0	5
100422f3	103ee6c0	5
100422f8	103e1250	5
100422fd	10359e50	5
10042302	1033bd70	5
10042307	1032a9c0	5
1004230c	102100d0	5
10042311	101b6bea	5
10042316	1017cfb0	5
1004231b	1018f820	5
10042320	101905f0	5
10042325	1014b1e0	5
1004232a	114775a0	5
1004232f	11396eb0	5
10042334	11299cc0	5
10042339	111382d0	5
1004233e	1109db10	5
10042343	110435b0	5
10042348	11016870	5
1004234d	10f89db0	5
10042352	10eed600	5
10042357	10d4ad50	5
1004235c	10b8ac20	5
10042361	10b5f430	5
10042366	10b31d80	5
1004236b	10b1c310	5
10042370	109ef730	5
10042375	10983080	5
1004237a	108fd280	5
1004237f	107e70a0	5
10042384	104c67e0	5
10042389	1044b430	5
1004238e	10441e40	5
10042393	10422bc0	5
10042398	103c82d0	5
1004239d	103a2f10	5
100423a2	101fe0c0	5
100423a7	1016e9c0	5
100423ac	10154120	5
100423b1	1017ccd0	5
100423b6	101939b0	5
100423bb	110ac400	5
100423c0	1101ae70	5
100423c5	10fb6800	5
100423ca	10f20620	5
100423cf	10e4f650	5
100423d4	10e389a0	5
100423d9	10d75c90	5
100423de	10cd7500	5
100423e3	10c369c0	5
100423e8	10ab9cb0	5
100423ed	1072f550	5
100423f2	10690ed0	5
100423f7	1061fcb0	5
100423fc	105bd070	5
10042401	1043ab36	5
10042406	103d12c0	5
1004240b	10351350	5
10042410	1112d480	5
10042415	1014c180	5
1004241a	10199ff0	5
1004241f	1013cab0	5
10042424	11008280	5
10042429	10fb3ed0	5
1004242e	10f428c0	5
10042433	10ef49a0	5
10042438	10ed0b10	5
1004243d	10e69b40	5
10042442	10e12350	5
10042447	10e13be0	5
1004244c	10d4eab0	5
10042451	10d39fc0	5
10042456	10cc2340	5
1004245b	10c706c0	5
10042460	10b8ec70	5
10042465	10f5bf60	5
1004246a	10ae6210	5
1004246f	1099dd10	5
10042474	106f9080	5
10042479	106552d0	5
1004247e	105f9d60	5
10042483	105c4e70	5
10042488	105a0cb0	5
1004248d	10507530	5
10042492	104ef1a0	5
10042497	103e3e40	5
1004249c	10306250	5
100424a1	10307fd0	5
100424a6	10297190	5
100424ab	1029b400	5
100424b0	1026aee0	5
100424b5	101a4460	5
100424ba	10128130	5
100424bf	10260b00	5
100424c4	11434280	5
100424c9	112797f0	5
100424ce	11252890	5
100424d3	112235b0	5
100424d8	111d54f0	5
100424dd	111dbff0	5
100424e2	11173e60	5
100424e7	111365c0	5
100424ec	110a85c0	5
100424f1	11066050	5
100424f6	10f32830	5
100424fb	10ef2260	5
10042500	10ea6270	5
10042505	10e98bc0	5
1004250a	10e75930	5
1004250f	10cf3340	5
10042514	10ceb3f0	5
10042519	10cddc20	5
1004251e	10ba3f80	5
10042523	10af9550	5
10042528	10a1e9d0	5
1004252d	109e3a20	5
10042532	109d81a0	5
10042537	10769fb0	5
1004253c	1052e930	5
10042541	10516e30	5
10042546	104c2090	5
1004254b	10462150	5
10042550	10443fb0	5
10042555	103eaef0	5
1004255a	103eb180	5
1004255f	10303250	5
10042564	102e9230	5
10042569	102f5770	5
1004256e	102cbd00	5
10042573	102923d0	5
10042578	10264e50	5
1004257d	101f1cb0	5
10042582	101de5e0	5
10042587	10182200	5
1004258c	10163c20	5
10042591	1013e070	5
10042596	1013b580	5
1004259b	1126dbb0	5
100425a0	11219a80	5
100425a5	111d6c50	5
100425aa	111f45a0	5
100425af	111c43e0	5
100425b4	1105f3f0	5
100425b9	110576d0	5
100425be	10f578e0	5
100425c3	10f57080	5
100425c8	10dedde0	5
100425cd	10d6a870	5
100425d2	10d611d6	5
100425d7	10cfea70	5
100425dc	10cbc1a0	5
100425e1	11259f10	5
100425e6	10a53590	5
100425eb	109f9380	5
100425f0	109ca360	5
100425f5	10713150	5
100425fa	106f2150	5
100425ff	106b53e0	5
10042604	10f084a0	5
10042609	102d1800	5
1004260e	101ff080	5
10042613	101d45a0	5
10042618	112c5a80	5
1004261d	111a8570	5
10042622	11183de0	5
10042627	11173ea0	5
1004262c	1116c2b0	5
10042631	1115f320	5
10042636	110f1790	5
1004263b	110c8de0	5
10042640	10ff91e0	5
10042645	10fed500	5
1004264a	10fe15f0	5
1004264f	10ccccd0	5
10042654	10c41eb0	5
10042659	10c17080	5
1004265e	10bd6fa0	5
10042663	10b9ba70	5
10042668	1094db30	5
1004266d	108134d0	5
10042672	106e6200	5
10042677	106d1740	5
1004267c	106819d0	5
10042681	10678b40	5
10042686	105c9fc0	5
1004268b	1059db80	5
10042690	104de6f0	5
10042695	103b69d0	5
1004269a	102da670	5
1004269f	102cd870	5
100426a4	102abb70	5
100426a9	1024ee10	5
100426ae	1022de80	5
100426b3	1020a020	5
100426b8	101d83c0	5
100426bd	1015a4b0	5
100426c2	10166890	5
100426c7	112eac50	5
100426cc	111a1610	5
100426d1	11162ed0	5
100426d6	1106e670	5
100426db	11017960	5
100426e0	11011810	5
100426e5	10f90090	5
100426ea	10f7e390	5
100426ef	10f38340	5
100426f4	10dcef10	5
100426f9	10d5188e	5
100426fe	10d4cb00	5
10042703	11457e40	5
10042708	10c53870	5
1004270d	10c440e0	5
10042712	10bee680	5
10042717	10f74310	5
1004271c	10b888b9	5
10042721	10ab5f60	5
10042726	10a71520	5
1004272b	1082c2f0	5
10042730	107f6320	5
10042735	10c9c120	5
1004273a	1071a630	5
1004273f	106a9330	5
10042744	106910d0	5
10042749	1064ad40	5
1004274e	10603ca0	5
10042753	105414f0	5
10042758	104fa330	5
1004275d	103d6370	5
10042762	1032fd70	5
10042767	103201d0	5
1004276c	10bbf430	5
10042771	1025a940	5
10042776	1022f390	5
1004277b	10205d10	5
10042780	1019e170	5
10042785	10163960	5
1004278a	1014b8f0	5
1004278f	11450f40	5
10042794	11399ea0	5
10042799	112edab0	5
1004279e	1124eb60	5
100427a3	11253c70	5
100427a8	111361c0	5
100427ad	11018740	5
100427b2	10f92080	5
100427b7	10f6c200	5
100427bc	10e69dc0	5
100427c1	10deb8c0	5
100427c6	10b5dda0	5
100427cb	10a22280	5
100427d0	109cc730	5
100427d5	108c83c0	5
100427da	107cf240	5
100427df	1077c3f1	5
100427e4	106e75e0	5
100427e9	1069e8e0	5
100427ee	105dd5d0	5
100427f3	1054c8b0	5
100427f8	1052b150	5
100427fd	10544a30	5
10042802	1051d670	5
10042807	1046f400	5
1004280c	10406b30	5
10042811	103a93e0	5
10042816	10350910	5
1004281b	102b8d40	5
10042820	102acb80	5
10042825	10247ca0	5
1004282a	1021e370	5
1004282f	101d4cc0	5
10042834	101c4900	5
10042839	1019f3a0	5
1004283e	1019ad00	5
10042843	10199510	5
10042848	101473d0	5
1004284d	11415130	5
10042852	111d9ca0	5
10042857	11126930	5
1004285c	1122f1f0	5
10042861	11061b06	5
10042866	10f6f580	5
1004286b	10f68af0	5
10042870	10e473b0	5
10042875	10e24b50	5
1004287a	10dcbdb0	5
1004287f	10cdfda0	5
10042884	10cbfe50	5
10042889	10c21c00	5
1004288e	10c14aa0	5
10042893	1092f140	5
10042898	10750e18	5
1004289d	106f1fe0	5
100428a2	11286950	5
100428a7	106583e0	5
100428ac	1059f700	5
100428b1	10422060	5
100428b6	103e7930	5
100428bb	103c72f0	5
100428c0	102e4cd0	5
100428c5	102df240	5
100428ca	102aa8a0	5
100428cf	1027e7f0	5
100428d4	10250fc0	5
100428d9	102115c0	5
100428de	101d5c00	5
100428e3	111d55fa	5
100428e8	1116ac30	5
100428ed	10fee5b0	5
100428f2	10f69cc0	5
100428f7	10f58620	5
100428fc	10d63ea0	5
10042901	10d3b140	5
10042906	10bf6f70	5
1004290b	10845940	5
10042910	10dfa520	5
10042915	10723360	5
1004291a	10748b00	5
1004291f	10648b10	5
10042924	106080b0	5
10042929	10566990	5
1004292e	104ddbd0	5
10042933	10292010	5
10042938	10273c20	5
1004293d	1024f430	5
10042942	1022f960	5
10042947	101eb6d0	5
1004294c	101d6980	5
10042951	1015c430	5
10042956	1017c690	5
1004295b	1017da40	5
10042960	1013d660	5
10042965	11447120	5
1004296a	113d03e0	5
1004296f	11278e50	5
10042974	10f924f0	5
10042979	10f8a8c0	5
1004297e	10d28011	5
10042983	10c5d1f0	5
10042988	10b8e400	5
1004298d	10a1b750	5
10042992	10992720	5
10042997	10975ff4	5
1004299c	10975ab0	5
100429a1	1068af10	5
100429a6	1063e480	5
100429ab	10578880	5
100429b0	105333c0	5
100429b5	10460ef0	5
100429ba	10412640	5
100429bf	10406d10	5
100429c4	104070e0	5
100429c9	103d4690	5
100429ce	10312640	5
100429d3	102ee440	5
100429d8	10251770	5
100429dd	10245940	5
100429e2	101b8600	5
100429e7	10156090	5
100429ec	1015bf30	5
100429f1	11417bb0	5
100429f6	1120d430	5
100429fb	111d573d	5
10042a00	111270f0	5
10042a05	110c1a90	5
10042a0a	1107ab40	5
10042a0f	110263a0	5
10042a14	1115b460	5
10042a19	10f249f0	5
10042a1e	10f020f0	5
10042a23	10dd13b0	5
10042a28	10d87110	5
10042a2d	10c1c150	5
10042a32	10b8d5b0	5
10042a37	10b18d40	5
10042a3c	10aa6694	5
10042a41	109830b0	5
10042a46	109087f0	5
10042a4b	108cb050	5
10042a50	108ca510	5
10042a55	10862960	5
10042a5a	107ebb70	5
10042a5f	107907da	5
10042a64	10761000	5
10042a69	107508b0	5
10042a6e	106ae9b0	5
10042a73	106910b0	5
10042a78	106890f1	5
10042a7d	10687970	5
10042a82	10655d80	5
10042a87	10553a10	5
10042a8c	104d63f0	5
10042a91	103e48b0	5
10042a96	111cfc30	5
10042a9b	103629e0	5
10042aa0	102fcc20	5
10042aa5	102a24f0	5
10042aaa	102a98a0	5
10042aaf	10280f90	5
10042ab4	102534f0	5
10042ab9	102f1ce0	5
10042abe	101794b0	5
10042ac3	113dcbc0	5
10042ac8	1126c450	5
10042acd	110ac010	5
10042ad2	10fdb5d3	5
10042ad7	10fc2420	5
10042adc	10ea2690	5
10042ae1	10e479a0	5
10042ae6	10c4dd10	5
10042aeb	10bb2a30	5
10042af0	10b86c80	5
10042af5	10ae9fc0	5
10042afa	10a7dd40	5
10042aff	109c8230	5
10042b04	10990ea0	5
10042b09	108c77c0	5
10042b0e	107e6120	5
10042b13	107079f0	5
10042b18	10665320	5
10042b1d	1041b160	5
10042b22	1034da30	5
10042b27	1025fef0	5
10042b2c	105dc710	5
10042b31	101b2540	5
10042b36	11182f50	5
10042b3b	1107c5d0	5
10042b40	1101b6b0	5
10042b45	10f10680	5
10042b4a	10e6a610	5
10042b4f	10da4150	5
10042b54	10d370c0	5
10042b59	10cccd30	5
10042b5e	10ba37f0	5
10042b63	10b25840	5
10042b68	10a81010	5
10042b6d	108dda30	5
10042b72	108b5bb0	5
10042b77	1078dde0	5
10042b7c	1069d350	5
10042b81	10eacd00	5
10042b86	1059b660	5
10042b8b	10542f80	5
10042b90	10479770	5
10042b95	10409ae0	5
10042b9a	102e9370	5
10042b9f	102fdfc0	5
10042ba4	102ea8a0	5
10042ba9	102d42a0	5
10042bae	102cd9f0	5
10042bb3	102934b0	5
10042bb8	10206650	5
10042bbd	101d8d60	5
10042bc2	111d3300	5
10042bc7	11150780	5
10042bcc	1112b070	5
10042bd1	10e485d0	5
10042bd6	10e1eca0	5
10042bdb	10cff050	5
10042be0	10a92b40	5
10042be5	109cc870	5
10042bea	108a2d80	5
10042bef	10861990	5
10042bf4	10837f10	5
10042bf9	1081adf1	5
10042bfe	106b69b0	5
10042c03	10f0cc90	5
10042c08	106b76d0	5
10042c0d	106a1560	5
10042c12	105d4e60	5
10042c17	104e6510	5
10042c1c	101e32d0	5
10042c21	10154730	5
10042c26	10118020	5
10042c2b	1019ad80	5
10042c30	112ac150	5
10042c35	11128950	5
10042c3a	10e9cc3a	5
10042c3f	10da5dd0	5
10042c44	10d16747	5
10042c49	10d02ea0	5
10042c4e	10c8d200	5
10042c53	10bc74f0	5
10042c58	10baba00	5
10042c5d	10aead80	5
10042c62	109b6e50	5
10042c67	108d3db0	5
10042c6c	10dfcb60	5
10042c71	1082a1d0	5
10042c76	10787ab0	5
10042c7b	10768780	5
10042c80	105baa90	5
10042c85	105616b0	5
10042c8a	104e9bf0	5
10042c8f	105c62c0	5
10042c94	1033f6c0	5
10042c99	10279010	5
10042c9e	1139b9d0	5
10042ca3	11195420	5
10042ca8	1115d9c0	5
10042cad	1111fec0	5
10042cb2	10ee66b0	5
10042cb7	10dff150	5
10042cbc	10de5fd0	5
10042cc1	10de1f60	5
10042cc6	10d8d010	5
10042ccb	10cfc440	5
10042cd0	10ce2150	5
10042cd5	10cccdf0	5
10042cda	10ca0d10	5
10042cdf	1091b1e0	5
10042ce4	108beeaa	5
10042ce9	1078dd60	5
10042cee	10719920	5
10042cf3	106bb0c0	5
10042cf8	103797c0	5
10042cfd	1032b5d0	5
10042d02	1014a3a0	5
10042d07	112725a0	5
10042d0c	110e2100	5
10042d11	110816d0	5
10042d16	10fdb340	5
10042d1b	10fa9650	5
10042d20	10ef5940	5
10042d25	10e825d0	5
10042d2a	10df2aa0	5
10042d2f	10dce020	5
10042d34	10d65860	5
10042d39	10d3a0c0	5
10042d3e	10d29930	5
10042d43	10d128c1	5
10042d48	10cf76e0	5
10042d4d	10cd3610	5
10042d52	10bd1830	5
10042d57	10b96440	5
10042d5c	10af49d0	5
10042d61	10af5850	5
10042d66	10859d00	5
10042d6b	10802e30	5
10042d70	106ddbe0	5
10042d75	106b67b0	5
10042d7a	1051bd80	5
10042d7f	10510910	5
10042d84	104da850	5
10042d89	104575c0	5
10042d8e	103eb880	5
10042d93	103315c0	5
10042d98	1029aed0	5
10042d9d	101eb230	5
10042da2	10164240	5
10042da7	112047c0	5
10042dac	1114de10	5
10042db1	1102e370	5
10042db6	110112b0	5
10042dbb	10fbd040	5
10042dc0	11035f60	5
10042dc5	10f14020	5
10042dca	10eb5a00	5
10042dcf	10e1d480	5
10042dd4	10ce3d30	5
10042dd9	10b8ce20	5
10042dde	10ae6ec0	5
10042de3	10a4f650	5
10042de8	10a1fa90	5
10042ded	108e4200	5
10042df2	10881e30	5
10042df7	108834f0	5
10042dfc	10810470	5
10042e01	10f07a40	5
10042e06	10602030	5
10042e0b	105a5b50	5
10042e10	105a77c0	5
10042e15	11135a30	5
10042e1a	1036d590	5
10042e1f	1036cce0	5
10042e24	1030e6e0	5
10042e29	10271330	5
10042e2e	1025ee40	5
10042e33	101fe600	5
10042e38	10176050	5
10042e3d	101778b0	5
10042e42	1012f4e0	5
10042e47	11479520	5
10042e4c	11452460	5
10042e51	1143f050	5
10042e56	11278aa0	5
10042e5b	1114f200	5
10042e60	11109080	5
10042e65	10f9b550	5
10042e6a	10f81f70	5
10042e6f	10c6f796	5
10042e74	10bd1db0	5
10042e79	10bccb70	5
10042e7e	10bbb3a0	5
10042e83	10b99d10	5
10042e88	10b7dac0	5
10042e8d	10a7c0a0	5
10042e92	109e42f0	5
10042e97	10990ae0	5
10042e9c	106a9b90	5
10042ea1	106bc9d0	5
10042ea6	105de710	5
10042eab	105d8e90	5
10042eb0	104fa230	5
10042eb5	102430f0	5
10042eba	101ed0c0	5
10042ebf	101d5300	5
10042ec4	1018bf80	5
10042ec9	1015ec10	5
10042ece	10153c80	5
10042ed3	114558c0	5
10042ed8	113dada0	5
10042edd	11294800	5
10042ee2	11027b20	5
10042ee7	1101e060	5
10042eec	10fe6d00	5
10042ef1	10f81b90	5
10042ef6	10f66d30	5
10042efb	10ddb520	5
10042f00	10c19560	5
10042f05	10a849e0	5
10042f0a	109e04b0	5
10042f0f	1097f920	5
10042f14	108c49c0	5
10042f19	108a27f0	5
10042f1e	107ec190	5
10042f23	106dd200	5
10042f28	105c9050	5
10042f2d	10594760	5
10042f32	105660a0	5
10042f37	1053ee90	5
10042f3c	104885b0	5
10042f41	10468340	5
10042f46	10362700	5
10042f4b	1036a650	5
10042f50	10394370	5
10042f55	10323e90	5
10042f5a	10244050	5
10042f5f	101abe80	5
10042f64	1106b190	5
10042f69	1019ff80	5
10042f6e	10190c80	5
10042f73	10149d10	5
10042f78	10145f30	5
10042f7d	10133e70	5
10042f82	111d7b80	5
10042f87	1119a260	5
10042f8c	1110f170	5
10042f91	110dbea0	5
10042f96	10fe0c80	5
10042f9b	10fc7070	5
10042fa0	10f73060	5
10042fa5	10ebca80	5
10042faa	10e249e0	5
10042faf	10d832b0	5
10042fb4	10cdc55d	5
10042fb9	10c40240	5
10042fbe	10c01160	5
10042fc3	10ba6710	5
10042fc8	10b95800	5
10042fcd	10b2f610	5
10042fd2	10b0d9d0	5
10042fd7	109e36d0	5
10042fdc	10792270	5
10042fe1	10505a50	5
10042fe6	103f8920	5
10042feb	102c0160	5
10042ff0	10266db0	5
10042ff5	104dac70	5
10042ffa	101b72f0	5
10042fff	11166b80	5
10043004	10fd13e0	5
10043009	10f4eb80	5
1004300e	10f46b60	5
10043013	10f2fc70	5
10043018	10eb5f30	5
1004301d	10de3830	5
10043022	10d3c900	5
10043027	10d26370	5
1004302c	10c7c230	5
10043031	109f8b40	5
10043036	109e0370	5
1004303b	10802d60	5
10043040	10713540	5
10043045	106f1f90	5
1004304a	106d8e50	5
1004304f	10543f40	5
10043054	10537cd0	5
10043059	10508ed0	5
1004305e	10484880	5
10043063	10348400	5
10043068	106d0af0	5
1004306d	102713f0	5
10043072	10224df0	5
10043077	1018f8d0	5
1004307c	1017fb90	5
10043081	101543d0	5
10043086	112450c0	5
1004308b	11220290	5
10043090	111fc3b0	5
10043095	111905a0	5
1004309a	1102f9b9	5
1004309f	10f3d0f0	5
100430a4	10ef5e30	5
100430a9	10d00e40	5
100430ae	10c69f70	5
100430b3	10c48f60	5
100430b8	10bf6e50	5
100430bd	10a1ade0	5
100430c2	10a08390	5
100430c7	10958f20	5
100430cc	1069e350	5
100430d1	106015e1	5
100430d6	10586290	5
100430db	10433ad0	5
100430e0	103ba0a0	5
100430e5	1034e2a0	5
100430ea	10208020	5
100430ef	101cd450	5
100430f4	101a9370	5
100430f9	1106b0f0	5
100430fe	1019c470	5
10043103	11166360	5
10043108	1112afd0	5
1004310d	11074cc0	5
10043112	10f99840	5
10043117	10f87590	5
1004311c	10f7125c	5
10043121	10f41b90	5
10043126	10eb7940	5
1004312b	10e61cf0	5
10043130	10ba4290	5
10043135	10b6cfe0	5
1004313a	10b04270	5
1004313f	10882762	5
10043144	107e9710	5
10043149	105d6940	5
1004314e	104c2350	5
10043153	104ad87a	5
10043158	103eace0	5
1004315d	103c06e0	5
10043162	10316240	5
10043167	102b8850	5
1004316c	1025aeb0	5
10043171	102042f0	5
10043176	101de190	5
1004317b	1019af50	5
10043180	1012c670	5
10043185	10155830	5
1004318a	11218a9f	5
1004318f	111d60f0	5
10043194	11156630	5
10043199	110ab0e0	5
1004319e	110798d0	5
100431a3	10f6c840	5
100431a8	10e15260	5
100431ad	10d86860	5
100431b2	10d40090	5
100431b7	10c59ad0	5
100431bc	10c50670	5
100431c1	10b9c4d0	5
100431c6	10b46110	5
100431cb	10a78850	5
100431d0	1095d950	5
100431d5	108e3610	5
100431da	108bbb20	5
100431df	108a76f0	5
100431e4	106deff0	5
100431e9	10f0b4f0	5
100431ee	1069cc90	5
100431f3	104e2c10	5
100431f8	104e56b0	5
100431fd	104ea570	5
10043202	104c87d0	5
10043207	103eb6e0	5
1004320c	102ac240	5
10043211	10294e30	5
10043216	102979c0	5
1004321b	102332c0	5
10043220	111cb020	5
10043225	10193ce0	5
1004322a	1012cba0	5
1004322f	1012b4d0	5
10043234	1107fdd0	5
10043239	11041ce0	5
1004323e	10ffd540	5
10043243	10fe39d0	5
10043248	10fc0a00	5
1004324d	10f53120	5
10043252	10f37df0	5
10043257	10f34010	5
1004325c	10f26e20	5
10043261	10ebb250	5
10043266	10e8bac0	5
1004326b	10dd1890	5
10043270	10d63819	5
10043275	10d4f5f7	5
1004327a	10ce37f0	5
1004327f	10cb9810	5
10043284	10c58e40	5
10043289	10b54bf0	5
1004328e	10aa6b00	5
10043293	10a78640	5
10043298	10a76fc0	5
1004329d	10a547c0	5
100432a2	10843420	5
100432a7	10604bf0	5
100432ac	105ddbe0	5
100432b1	105a3570	5
100432b6	10536b10	5
100432bb	104e2f00	5
100432c0	104d6f10	5
100432c5	104b90f0	5
100432ca	1040a9a0	5
100432cf	101d0370	5
100432d4	1141a490	5
100432d9	111f0050	5
100432de	10fe78b0	5
100432e3	10d18450	5
100432e8	10c4ead0	5
100432ed	10c3a280	5
100432f2	10bbe640	5
100432f7	10b32890	5
100432fc	108fb7d0	5
10043301	108c6190	5
10043306	10882899	5
1004330b	10790940	5
10043310	10763693	5
10043315	1073ca50	5
1004331a	10f06390	5
1004331f	106a54f0	5
10043324	106043f0	5
10043329	104ccfc0	5
1004332e	103eae70	5
10043333	10363630	5
10043338	1030f0e0	5
1004333d	102b8250	5
10043342	102987d0	5
10043347	102859e0	5
1004334c	10680b70	5
10043351	101ce930	5
10043356	101ba7d0	5
1004335b	1017fc10	5
10043360	10199cd0	5
10043365	1019c510	5
1004336a	101289f0	5
1004336f	11390120	5
10043374	1126fb70	5
10043379	11292470	5
1004337e	111c3ba0	5
10043383	111a3d80	5
10043388	111533f0	5
1004338d	110b6d30	5
10043392	1102e040	5
10043397	10fd98ab	5
1004339c	10f977b0	5
100433a1	10e84090	5
100433a6	10e47360	5
100433ab	10d57bc0	5
100433b0	10d19cb0	5
100433b5	10cf61c0	5
100433ba	10ce6950	5
100433bf	10c2a600	5
100433c4	10b5e655	5
100433c9	10aeb2d0	5
100433ce	10ac0df0	5
100433d3	107ec6c0	5
100433d8	1077f13b	5
100433dd	10723320	5
100433e2	10702670	5
100433e7	10eceb10	5
100433ec	106e61a0	5
100433f1	10682c90	5
100433f6	105d8f00	5
100433fb	1052bb50	5
10043400	10535650	5
10043405	104d4040	5
1004340a	10422dc0	5
1004340f	10351430	5
10043414	1036cc30	5
10043419	10379750	5
1004341e	1026f370	5
10043423	1024a260	5
10043428	10227260	5
1004342d	10233c60	5
10043432	101d4680	5
10043437	102f4e90	5
1004343c	101840f0	5
10043441	1011d130	5
10043446	1019ae80	5
1004344b	1141bb30	5
10043450	111c54d0	5
10043455	113da860	5
1004345a	11018160	5
1004345f	10eecef0	5
10043464	10e9ccba	5
10043469	10ea4ad0	5
1004346e	10df17e0	5
10043473	10d150f0	5
10043478	10a0e080	5
1004347d	1095ca90	5
10043482	108a26a0	5
10043487	107fedb0	5
1004348c	106bd270	5
10043491	104d8250	5
10043496	103413b0	5
1004349b	102ebf60	5
100434a0	10227bf0	5
100434a5	1023a890	5
100434aa	1018f2f0	5
100434af	1014af40	5
100434b4	101615e0	5
100434b9	112c9cb0	5
100434be	1117cd80	5
100434c3	11136830	5
100434c8	1110ff00	5
100434cd	11113c00	5
100434d2	1105e210	5
100434d7	10fb1580	5
100434dc	10f4c7a0	5
100434e1	10e958d0	5
100434e6	10e89b70	5
100434eb	10c58c50	5
100434f0	10b83d20	5
100434f5	10b23310	5
100434fa	10a4c3e0	5
100434ff	108e43e0	5
10043504	10750000	5
10043509	1073d790	5
1004350e	106574b4	5
10043513	105a46a0	5
10043518	1059ba10	5
1004351d	1052bbf0	5
10043522	1052ae10	5
10043527	1050b480	5
1004352c	10d1a090	5
10043531	103452c0	5
10043536	10345a50	5
1004353b	1033f120	5
10043540	1029fb50	5
10043545	10970ab0	5
1004354a	1027df70	5
1004354f	1025b3c0	5
10043554	101f4c00	5
10043559	101c8150	5
1004355e	112edba0	5
10043563	1129c0b0	5
10043568	112663b0	5
1004356d	111d571c	5
10043572	1118d890	5
10043577	1110b940	5
1004357c	110f7030	5
10043581	10fefbc0	5
10043586	10fe4b80	5
1004358b	10dd5940	5
10043590	10da6880	5
10043595	10da0170	5
1004359a	10cec7a0	5
1004359f	10cccca0	5
100435a4	10ca8c60	5
100435a9	10b89200	5
100435ae	10af3490	5
100435b3	10aa6a70	5
100435b8	10a08a90	5
100435bd	109a84f0	5
100435c2	109746f0	5
100435c7	108bf370	5
100435cc	108011a0	5
100435d1	1070b780	5
100435d6	10e0fde0	5
100435db	10500300	5
100435e0	104f8c40	5
100435e5	104b0bb0	5
100435ea	10434330	5
100435ef	103ede20	5
100435f4	103155a0	5
100435f9	103194e0	5
100435fe	102f0090	5
10043603	112634e0	5
10043608	10253df0	5
1004360d	1017dfa0	5
10043612	1016a320	5
10043617	112c42d0	5
1004361c	1129caa0	5
10043621	1117a6d0	5
10043626	11140eb0	5
1004362b	110a5df0	5
10043630	1107ba10	5
10043635	11075f10	5
1004363a	10f474c0	5
1004363f	10f2b960	5
10043644	10ecd230	5
10043649	10e0b350	5
1004364e	10deff50	5
10043653	10db6c80	5
10043658	10da5790	5
1004365d	10d923d0	5
10043662	10ca4740	5
10043667	10c88170	5
1004366c	10c569e0	5
10043671	10bf0140	5
10043676	10ae6b50	5
1004367b	10a84010	5
10043680	10a7a930	5
10043685	108f51d0	5
1004368a	107ea250	5
1004368f	107cff27	5
10043694	1067b270	5
10043699	105d5500	5
1004369e	105aa900	5
100436a3	105958b0	5
100436a8	1040f320	5
100436ad	103f0aa0	5
100436b2	103429f0	5
100436b7	102bc730	5
100436bc	1025ada0	5
100436c1	1022b320	5
100436c6	101b10a0	5
100436cb	101742f0	5
100436d0	11409a00	5
100436d5	11272ad0	5
100436da	11125c10	5
100436df	10ff20b0	5
100436e4	10fc59b0	5
100436e9	10f4aad0	5
100436ee	10eed610	5
100436f3	10dce3c0	5
100436f8	10d02490	5
100436fd	10cb8ec0	5
10043702	10b54c10	5
10043707	10b24fdf	5
1004370c	10af4b40	5
10043711	10a5b3e0	5
10043716	1070b3f0	5
1004371b	106fefb0	5
10043720	106dbed0	5
10043725	106d21c0	5
1004372a	106016d3	5
1004372f	1052e580	5
10043734	104b57e0	5
10043739	1049fc3a	5
1004373e	104500a0	5
10043743	10409f90	5
10043748	103fc840	5
1004374d	103ab590	5
10043752	102c3c10	5
10043757	102aa890	5
1004375c	10273970	5
10043761	10205230	5
10043766	112c6cf0	5
1004376b	11227eb0	5
10043770	111996e0	5
10043775	11180e20	5
1004377a	1103ed80	5
1004377f	11044fb0	5
10043784	10fd9749	5
10043789	10e66260	5
1004378e	10bf1470	5
10043793	10b25250	5
10043798	10af3d40	5
1004379d	10aeaab0	5
100437a2	10ac2680	5
100437a7	1081b060	5
100437ac	106dd270	5
100437b1	106570c4	5
100437b6	10658b80	5
100437bb	105f7e20	5
100437c0	10550e80	5
100437c5	10534a70	5
100437ca	10443c80	5
100437cf	1035f610	5
100437d4	10393f20	5
100437d9	10294d70	5
100437de	1028c9f0	5
100437e3	10232f70	5
100437e8	10199dd0	5
100437ed	1013cdb0	5
100437f2	11234040	5
100437f7	11173e80	5
100437fc	111a7be0	5
10043801	110785a0	5
10043806	11028ae0	5
1004380b	10f2ce20	5
10043810	10e307b0	5
10043815	10db6820	5
1004381a	10daa8b0	5
1004381f	10d68870	5
10043824	10d4c4b3	5
10043829	10d03061	5
1004382e	10c65700	5
10043833	10c24750	5
10043838	10b18c00	5
1004383d	10a83ec0	5
10043842	109b41a0	5
10043847	1092f70b	5
1004384c	1072e1e0	5
10043851	106a8680	5
10043856	10ead150	5
1004385b	105a1630	5
10043860	1057c2a0	5
10043865	104fdcc0	5
1004386a	1044b4fd	5
1004386f	10319260	5
10043874	110f61f0	5
10043879	101bc5e0	5
1004387e	101ad0d0	5
10043883	1014b6c0	5
10043888	1014c3d0	5
1004388d	111705c0	5
10043892	1115e4d0	5
10043897	111205f0	5
1004389c	110f4970	5
100438a1	10fcf090	5
100438a6	10fc9370	5
100438ab	1115f390	5
100438b0	10d218b0	5
100438b5	10ccddb0	5
100438ba	10c8d170	5
100438bf	10c72fa0	5
100438c4	10b9aef0	5
100438c9	10b4f5d0	5
100438ce	10abf4a0	5
100438d3	10724e30	5
100438d8	106ba470	5
100438dd	10ec2970	5
100438e2	10566d40	5
100438e7	104340f0	5
100438ec	1038dd70	5
100438f1	102ac5f0	5
100438f6	10119480	5
100438fb	1011f9a0	5
10043900	112eb7a0	5
10043905	112783c0	5
1004390a	111d36f0	5
1004390f	11170f30	5
10043914	110a6c80	5
10043919	10ffbbb0	5
1004391e	10fa04e0	5
10043923	10ea8070	5
10043928	10e96fa6	5
1004392d	10d82990	5
10043932	10c5c7c0	5
10043937	10bf0bc0	5
1004393c	10be9a80	5
10043941	10bc8220	5
10043946	10bbe100	5
1004394b	10b5d990	5
10043950	10abee4c	5
10043955	1099f850	5
1004395a	10cf2e10	5
1004395f	10786e80	5
10043964	10efd790	5
10043969	1068d7d0	5
1004396e	1064b1f0	5
10043973	106cf140	5
10043978	1052ffa0	5
1004397d	104334d0	5
10043982	1042cec0	5
10043987	1042bda0	5
1004398c	103be890	5
10043991	10344e40	5
10043996	10341840	5
1004399b	102dc650	5
100439a0	10146ef0	5
100439a5	113c4f20	5
100439aa	11272530	5
100439af	111956b0	5
100439b4	110b4f30	5
100439b9	10f43930	5
100439be	10f33770	5
100439c3	10ef9bb0	5
100439c8	10e936a0	5
100439cd	10e48c70	5
100439d2	10e0ae50	5
100439d7	10db58b0	5
100439dc	10d8cb00	5
100439e1	10d2be90	5
100439e6	10cf6150	5
100439eb	10c87e80	5
100439f0	10bb58b0	5
100439f5	10b9f080	5
100439fa	10b93840	5
100439ff	10af5840	5
10043a04	10a96a20	5
10043a09	109f2470	5
10043a0e	109744e0	5
10043a13	10962820	5
10043a18	108cb220	5
10043a1d	10834c60	5
10043a22	107e7060	5
10043a27	106dd0d0	5
10043a2c	105b2e10	5
10043a31	105a1f40	5
10043a36	10520db0	5
10043a3b	104ae950	5
10043a40	104733a0	5
10043a45	1030d810	5
10043a4a	102c57f0	5
10043a4f	102a6540	5
10043a54	10287100	5
10043a59	1015f9a0	5
10043a5e	1019d890	5
10043a63	101180b0	5
10043a68	11183a00	5
10043a6d	10fee520	5
10043a72	10f36e90	5
10043a77	10ddef30	5
10043a7c	10db86e0	5
10043a81	10da58a0	5
10043a86	10d6a6b0	5
10043a8b	10ce80f0	5
10043a90	10c92490	5
10043a95	10c41d40	5
10043a9a	10c16e40	5
10043a9f	10b88f80	5
10043aa4	10b56640	5
10043aa9	10702f10	5
10043aae	10642e90	5
10043ab3	10542b60	5
10043ab8	105410f0	5
10043abd	10508b10	5
10043ac2	103df6e0	5
10043ac7	1035c0e0	5
10043acc	1018d870	5
10043ad1	1015c1c0	5
10043ad6	112023f0	5
10043adb	11165420	5
10043ae0	1107a7a0	5
10043ae5	11061d70	5
10043aea	10fe26b0	5
10043aef	10f7f0e0	5
10043af4	10e4a700	5
10043af9	11246370	5
10043afe	10d74790	5
10043b03	10d1c5f0	5
10043b08	10c38b09	5
10043b0d	10bf5690	5
10043b12	10b352b0	5
10043b17	10aff190	5
10043b1c	10958a30	5
10043b21	10ec7e10	5
10043b26	105f3f60	5
10043b2b	105fd080	5
10043b30	10600020	5
10043b35	105d4100	5
10043b3a	10536180	5
10043b3f	10475c2c	5
10043b44	1046b150	5
10043b49	10413470	5
10043b4e	103bdd90	5
10043b53	1035bac0	5
10043b58	103286e0	5
10043b5d	102f73d0	5
10043b62	102cd510	5
10043b67	102cd310	5
10043b6c	102ae390	5
10043b71	1145c820	5
10043b76	1021cc20	5
10043b7b	101ce3f0	5
10043b80	101c8ac0	5
10043b85	101a8a00	5
10043b8a	1012d8e0	5
10043b8f	11465990	5
10043b94	111c9070	5
10043b99	11195720	5
10043b9e	110b9380	5
10043ba3	110a7aa0	5
10043ba8	1105e910	5
10043bad	10f17f20	5
10043bb2	10d7efc0	5
10043bb7	10d830d0	5
10043bbc	10c3b9f0	5
10043bc1	109759d0	5
10043bc6	10ed86e0	5
10043bcb	10818290	5
10043bd0	107bb5a0	5
10043bd5	10751140	5
10043bda	106e23b0	5
10043bdf	106aa520	5
10043be4	105d5ca0	5
10043be9	105a62f0	5
10043bee	10468041	5
10043bf3	10387c60	5
10043bf8	10247d90	5
10043bfd	102436b0	5
10043c02	101165e0	5
10043c07	10193510	5
10043c0c	1015bdc0	5
10043c11	11253bf0	5
10043c16	112366c0	5
10043c1b	1118c820	5
10043c20	110c5e30	5
10043c25	110764f0	5
10043c2a	11007030	5
10043c2f	10f890b0	5
10043c34	10e9cc14	5
10043c39	10e29210	5
10043c3e	10e13270	5
10043c43	10ce61b0	5
10043c48	10ccc92b	5
10043c4d	10c69110	5
10043c52	10c4fde0	5
10043c57	10c40320	5
10043c5c	10bc0e20	5
10043c61	10b8fa50	5
10043c66	10b85380	5
10043c6b	10a8fca0	5
10043c70	109edf30	5
10043c75	109da6b0	5
10043c7a	108826a1	5
10043c7f	106e0300	5
10043c84	105f8f80	5
10043c89	104dc630	5
10043c8e	103e2cc0	5
10043c93	10331760	5
10043c98	10342ae0	5
10043c9d	103297b0	5
10043ca2	10262310	5
10043ca7	1024fe00	5
10043cac	111c1070	5
10043cb1	101ba630	5
10043cb6	1019b200	5
10043cbb	101724d0	5
10043cc0	10171220	5
10043cc5	101495a0	5
10043cca	112ec040	5
10043ccf	111df3c0	5
10043cd4	111f34e0	5
10043cd9	1113c980	5
10043cde	110e9680	5
10043ce3	110a9d60	5
10043ce8	10fff880	5
10043ced	10fc5ce0	5
10043cf2	10f4b3c0	5
10043cf7	10db59f0	5
10043cfc	10d7d080	5
10043d01	10cc1c60	5
10043d06	10ca4730	5
10043d0b	10cb5dd0	5
10043d10	10bc6b30	5
10043d15	10bb7a10	5
10043d1a	10bb2740	5
10043d1f	10b9e900	5
10043d24	10ae6c20	5
10043d29	10a81190	5
10043d2e	10a1f290	5
10043d33	109c94d0	5
10043d38	1091ae70	5
10043d3d	108e46d0	5
10043d42	1081ade4	5
10043d47	1072c1e4	5
10043d4c	1072cef0	5
10043d51	1062e29e	5
10043d56	10505a30	5
10043d5b	103bd720	5
10043d60	103673b0	5
10043d65	110d8d20	5
10043d6a	102af720	5
10043d6f	1028f2f0	5
10043d74	102870f0	5
10043d79	10193af0	5
10043d7e	10133440	5
10043d83	10125e40	5
10043d88	11222a10	5
10043d8d	11217323	5
10043d92	11250600	5
10043d97	1111f300	5
10043d9c	1107d750	5
10043da1	10f26520	5
10043da6	10d27b60	5
10043dab	10ca8b70	5
10043db0	10ba1800	5
10043db5	10b51a34	5
10043dba	10b034d0	5
10043dbf	10af88c0	5
10043dc4	10af03f0	5
10043dc9	10ae5a20	5
10043dce	109da32f	5
10043dd3	10903cb0	5
10043dd8	1081a8c0	5
10043ddd	106276d0	5
10043de2	105b2860	5
10043de7	10482c70	5
10043dec	103e1440	5
10043df1	103a64a0	5
10043df6	103a0190	5
10043dfb	10376ce0	5
10043e00	1036cb50	5
10043e05	110f18e0	5
10043e0a	102cf520	5
10043e0f	102652f0	5
10043e14	101af4a0	5
10043e19	1014c390	5
10043e1e	11161d40	5
10043e23	11112d20	5
10043e28	1122e490	5
10043e2d	1109db40	5
10043e32	10fcf840	5
10043e37	10f97bd0	5
10043e3c	10f83660	5
10043e41	10e4e3d0	5
10043e46	10bfa380	5
10043e4b	109c5520	5
10043e50	108cad17	5
10043e55	10783810	5
10043e5a	106bdd60	5
10043e5f	106571d7	5
10043e64	1062f410	5
10043e69	1060177a	5
10043e6e	105d6f00	5
10043e73	105b6140	5
10043e78	10562b00	5
10043e7d	10402460	5
10043e82	103e9f20	5
10043e87	103abbe0	5
10043e8c	103a00d0	5
10043e91	102cdae0	5
10043e96	10a13f20	5
10043e9b	10982060	5
10043ea0	10246720	5
10043ea5	1015e2e0	5
10043eaa	10145a00	5
10043eaf	11408520	5
10043eb4	1140ad90	5
10043eb9	11191590	5
10043ebe	11180fc0	5
10043ec3	110a6530	5
10043ec8	110834a0	5
10043ecd	10d43bb0	5
10043ed2	10fd23e0	5
10043ed7	10c7be20	5
10043edc	10c765b0	5
10043ee1	10c5b4e0	5
10043ee6	10abfa90	5
10043eeb	1092f657	5
10043ef0	1091d250	5
10043ef5	10846fbb	5
10043efa	106b9bd0	5
10043eff	10657c90	5
10043f04	103eac30	5
10043f09	103bdd60	5
10043f0e	102d4455	5
10043f13	1027d9f0	5
10043f18	101a21e0	5
10043f1d	1018de80	5
10043f22	1114f3e0	5
10043f27	10fdfc90	5
10043f2c	10f581b0	5
10043f31	10f48050	5
10043f36	10ef5140	5
10043f3b	10e5f370	5
10043f40	10e587d0	5
10043f45	10dd00f0	5
10043f4a	10d9f950	5
10043f4f	10d94220	5
10043f54	10d7b4f0	5
10043f59	10cee190	5
10043f5e	10bf0830	5
10043f63	10b999c0	5
10043f68	10b75fa0	5
10043f6d	10a08490	5
10043f72	108a1e60	5
10043f77	10757890	5
10043f7c	10f08ac0	5
10043f81	1057d100	5
10043f86	104ad6a0	5
10043f8b	103a5130	5
10043f90	1033a070	5
10043f95	10327310	5
10043f9a	1030ef40	5
10043f9f	101b5040	5
10043fa4	10179560	5
10043fa9	1014bea0	5
10043fae	10121660	5
10043fb3	1128fae0	5
10043fb8	110aae10	5
10043fbd	10f45fe0	5
10043fc2	10f805a0	5
10043fc7	10bd89a0	5
10043fcc	10b9fe00	5
10043fd1	10b24e9b	5
10043fd6	10a4f340	5
10043fdb	10a23130	5
10043fe0	10958870	5
10043fe5	1091bbf0	5
10043fea	10880770	5
10043fef	106496a0	5
10043ff4	105baf20	5
10043ff9	10576030	5
10043ffe	103cd260	5
10044003	10216e80	5
10044008	101dd310	5
1004400d	110935f0	5
10044012	10191dc0	5
10044017	1013e540	5
1004401c	101219e0	5
10044021	11435f10	5
10044026	1120cc21	5
1004402b	111e4f80	5
10044030	1110ffa0	5
10044035	110a8530	5
1004403a	10fddea0	5
1004403f	10eaa300	5
10044044	10e20bc0	5
10044049	10dffc40	5
1004404e	10dee400	5
10044053	10dcd6b0	5
10044058	10da2840	5
1004405d	10d9bfd0	5
10044062	10d21a90	5
10044067	10ca2080	5
1004406c	10c4a0a0	5
10044071	10b96450	5
10044076	10b90d50	5
1004407b	106942b0	5
10044080	10685590	5
10044085	1065728b	5
1004408a	10658e00	5
1004408f	106596b0	5
10044094	105e7730	5
10044099	105b04f0	5
1004409e	105a4940	5
100440a3	103602f0	5
100440a8	102d3a00	5
100440ad	10257940	5
100440b2	101fff20	5
100440b7	1016b4e0	5
100440bc	10124ee0	5
100440c1	11171280	5
100440c6	11077540	5
100440cb	10f22bc0	5
100440d0	10e80eb0	5
100440d5	10e4a310	5
100440da	10dd7360	5
100440df	10dcdde0	5
100440e4	10d438d0	5
100440e9	10c41070	5
100440ee	10c41c80	5
100440f3	10c17910	5
100440f8	10bc8c20	5
100440fd	10ba5430	5
10044102	10a9b850	5
10044107	107248f0	5
1004410c	1065a0d0	5
10044111	106083b0	5
10044116	105baad0	5
1004411b	105a8e10	5
10044120	10562ff0	5
10044125	10359310	5
1004412a	10391030	5
1004412f	10abba40	5
10044134	1022f670	5
10044139	1021e260	5
1004413e	10206000	5
10044143	10199250	5
10044148	1019b420	5
1004414d	1015f470	5
10044152	11428200	5
10044157	11201730	5
1004415c	111919e0	5
10044161	110a6cd0	5
10044166	11020e00	5
1004416b	10fef230	5
10044170	10f71a30	5
10044175	10e57a20	5
1004417a	10d68940	5
1004417f	10d1fc60	5
10044184	10cb7dd0	5
10044189	10c43be0	5
1004418e	10c260f0	5
10044193	10b2f1a0	5
10044198	10a81010	5
1004419d	109edd90	5
100441a2	1095ce60	5
100441a7	108cb780	5
100441ac	1087d680	5
100441b1	10862530	5
100441b6	10813390	5
100441bb	1076d5e0	5
100441c0	106f6e40	5
100441c5	10d98ca0	5
100441ca	1062e1e0	5
100441cf	10594140	5
100441d4	10566e1b	5
100441d9	1052ab70	5
100441de	104262c0	5
100441e3	1061cb50	5
100441e8	1037d340	5
100441ed	10285b60	5
100441f2	1022ee20	5
100441f7	10202860	5
100441fc	101cc2a0	5
10044201	101aeb00	5
10044206	10176030	5
1004420b	1014a650	5
10044210	101375a0	5
10044215	11464b20	5
1004421a	11277040	5
1004421f	111d6ec0	5
10044224	111c2120	5
10044229	11177880	5
1004422e	1107d5e0	5
10044233	10ffa2e0	5
10044238	10ff02a0	5
1004423d	10f33a40	5
10044242	10ee1bd0	5
10044247	10dcf780	5
1004424c	10d59720	5
10044251	10cefa60	5
10044256	10c369a0	5
1004425b	10c23e30	5
10044260	10b51830	5
10044265	10add100	5
1004426a	1097e950	5
1004426f	10945400	5
10044274	10916bb0	5
10044279	10829430	5
1004427e	106b3e70	5
10044283	105b7070	5
10044288	1036b920	5
1004428d	10ce9a30	5
10044292	10326a80	5
10044297	1027fdd0	5
1004429c	10275a70	5
100442a1	10261080	5
100442a6	101ebb60	5
100442ab	101ada00	5
100442b0	1018cba0	5
100442b5	1012c6d0	5
100442ba	10142c70	5
100442bf	11292d30	5
100442c4	11243120	5
100442c9	10f8d040	5
100442ce	10f83474	5
100442d3	10f120f0	5
100442d8	10d76630	5
100442dd	10cf9590	5
100442e2	10bf4e20	5
100442e7	10abef3b	5
100442ec	10ac0b10	5
100442f1	10abf260	5
100442f6	10a1e4b0	5
100442fb	10988020	5
10044300	1092c4a0	5
10044305	108f9000	5
1004430a	106e6ac0	5
1004430f	106b2380	5
10044314	10c62730	5
10044319	105b7600	5
1004431e	10545390	5
10044323	10529520	5
10044328	10507e50	5
1004432d	104f8610	5
10044332	10410ad0	5
10044337	1029cc60	5
1004433c	1021aa00	5
10044341	101a9940	5
10044346	11232e10	5
1004434b	1117ef30	5
10044350	11005230	5
10044355	10f29bc0	5
1004435a	10e901c0	5
1004435f	10e9e000	5
10044364	10e48180	5
10044369	10dd4160	5
1004436e	10dae160	5
10044373	10d3a8f0	5
10044378	10cdd230	5
1004437d	10c85140	5
10044382	10bfbb40	5
10044387	10bf66a0	5
1004438c	109e14f0	5
10044391	1088de50	5
10044396	1082c055	5
1004439b	107e6370	5
100443a0	1076d724	5
100443a5	106d0ac0	5
100443aa	1062cc90	5
100443af	1125a690	5
100443b4	1053d760	5
100443b9	10509c90	5
100443be	103cc5b0	5
100443c3	102f00e0	5
100443c8	102de140	5
100443cd	102cbb20	5
100443d2	101a6f70	5
100443d7	101a33b0	5
100443dc	1017fed0	5
100443e1	10149890	5
100443e6	10170b70	5
100443eb	10175c10	5
100443f0	1014a990	5
100443f5	101183f0	5
100443fa	11455b40	5
100443ff	1128fba0	5
10044404	111750d0	5
10044409	11124910	5
1004440e	11258490	5
10044413	10f86830	5
10044418	10f159a0	5
1004441d	10f19470	5
10044422	10d75e60	5
10044427	10cf94f0	5
1004442c	10c8a090	5
10044431	10bf5f20	5
10044436	10b95b40	5
1004443b	109831a0	5
10044440	108dfc90	5
10044445	107d0130	5
1004444a	1075a890	5
1004444f	1065cb00	5
10044454	10618dc0	5
10044459	105d2420	5
1004445e	105c44b0	5
10044463	105a23d0	5
10044468	1035b4b0	5
1004446d	102ee710	5
10044472	102d4660	5
10044477	1020541c	5
1004447c	10154050	5
10044481	10191e40	5
10044486	10198420	5
1004448b	11184c30	5
10044490	1113a5e0	5
10044495	1107c390	5
1004449a	110271f0	5
1004449f	10e57300	5
100444a4	10da4360	5
100444a9	10a61710	5
100444ae	109ef160	5
100444b3	1091c540	5
100444b8	1082d6b0	5
100444bd	10f21750	5
100444c2	106dcc70	5
100444c7	106d24e0	5
100444cc	106a0150	5
100444d1	10657236	5
100444d6	10658a00	5
100444db	105f2410	5
100444e0	105f25a0	5
100444e5	105d6ef0	5
100444ea	105c44a0	5
100444ef	105b71d0	5
100444f4	1036d9d0	5
100444f9	10306950	5
100444fe	102bd9c0	5
10044503	1029b600	5
10044508	1018d8e0	5
1004450d	1014bd80	5
10044512	10118690	5
10044517	1148d1e3	5
1004451c	1128faf0	5
10044521	11200570	5
10044526	1114d290	5
1004452b	1113cbf0	5
10044530	110db5c0	5
10044535	1107a2d0	5
1004453a	10fb9220	5
1004453f	10ef1e50	5
10044544	10e48380	5
10044549	10d9f630	5
1004454e	10d86420	5
10044553	10d2a1c0	5
10044558	10c5bbf0	5
1004455d	10c502f0	5
10044562	10c49e20	5
10044567	10bfab30	5
1004456c	109a9410	5
10044571	10952d50	5
10044576	10859ae0	5
1004457b	1068fda0	5
10044580	10618eb0	5
10044585	10dc7950	5
1004458a	1124a160	5
1004458f	102115d0	5
10044594	101a7760	5
10044599	10192eb0	5
1004459e	1017e4d0	5
100445a3	101907a0	5
100445a8	1016bb70	5
100445ad	10175f30	5
100445b2	113c84a0	5
100445b7	11294150	5
100445bc	11282800	5
100445c1	1117d140	5
100445c6	11123780	5
100445cb	11018710	5
100445d0	10fb3380	5
100445d5	10fb9120	5
100445da	10f1e020	5
100445df	10df1850	5
100445e4	10d87e70	5
100445e9	10d27340	5
100445ee	10d09bd9	5
100445f3	10c47220	5
100445f8	10c2a5b0	5
100445fd	10aa7590	5
10044602	10a0a150	5
10044607	1097608e	5
1004460c	109577f0	5
10044611	1145fa40	5
10044616	106579c0	5
1004461b	105f4fa0	5
10044620	1052e1c0	5
10044625	104e3650	5
1004462a	104d5230	5
1004462f	10358160	5
10044634	1035c040	5
10044639	10c647f0	5
1004463e	10311d50	5
10044643	10222280	5
10044648	10167b00	5
1004464d	1019d9d0	5
10044652	1015fdd0	5
10044657	101539a0	5
1004465c	112f2ec0	5
10044661	112ebb60	5
10044666	112acdf0	5
1004466b	111d31c0	5
10044670	10fe2480	5
10044675	10ec2cd0	5
1004467a	10e96f10	5
1004467f	10e093f0	5
10044684	10d82e50	5
10044689	10d234f0	5
1004468e	10cfbeb0	5
10044693	10b55cd0	5
10044698	10aeae97	5
1004469d	109aa850	5
100446a2	1091c3c0	5
100446a7	10810490	5
100446ac	1074c9f0	5
100446b1	1072c0a0	5
100446b6	105f7190	5
100446bb	105a6c20	5
100446c0	10576160	5
100446c5	105510c0	5
100446ca	1051d5bb	5
100446cf	104fcae0	5
100446d4	103f3ba0	5
100446d9	103a4d50	5
100446de	103593d0	5
100446e3	1034f5e0	5
100446e8	102ea9b0	5
100446ed	102a6c20	5
100446f2	101a3cb0	5
100446f7	1019f950	5
100446fc	1019b0f0	5
10044701	1012a5c0	5
10044706	11455670	5
1004470b	11446180	5
10044710	11287ad0	5
10044715	11179690	5
1004471a	10fe9db0	5
1004471f	10ff2090	5
10044724	10fcf170	5
10044729	10e8a1e0	5
1004472e	1100bf00	5
10044733	10c80130	5
10044738	10c3f0a0	5
1004473d	10b52740	5
10044742	10af5be0	5
10044747	10abe7b0	5
1004474c	10980fc0	5
10044751	1092fdb0	5
10044756	108bcee0	5
1004475b	108a257b	5
10044760	1087d750	5
10044765	1076d783	5
1004476a	1074ecd0	5
1004476f	105a2330	5
10044774	10593f40	5
10044779	10500830	5
1004477e	10441e20	5
10044783	102df5d0	5
10044788	102de530	5
1004478d	10227d50	5
10044792	102165f0	5
10044797	101c8a70	5
1004479c	101abf20	5
100447a1	1019ea10	5
100447a6	10196310	5
100447ab	1011f9d0	5
100447b0	111dab40	5
100447b5	11263e20	5
100447ba	11004760	5
100447bf	10fb2790	5
100447c4	10eabb40	5
100447c9	10baa800	5
100447ce	10b27960	5
100447d3	108a0860	5
100447d8	108751a0	5
100447dd	107d01c0	5
100447e2	1076c140	5
100447e7	10768530	5
100447ec	106830d0	5
100447f1	108b8b70	5
100447f6	1062e44e	5
100447fb	10624230	5
10044800	105f50f0	5
10044805	105d4bc6	5
1004480a	104ccf20	5
1004480f	10498800	5
10044814	10421dd0	5
10044819	10369df0	5
1004481e	102d2f20	5
10044823	10219a80	5
10044828	1014b600	5
1004482d	1014afb0	5
10044832	10152480	5
10044837	10148720	5
1004483c	11431500	5
10044841	1127a6f0	5
10044846	111d6f40	5
1004484b	111cc320	5
10044850	11126050	5
10044855	11033120	5
1004485a	110240c0	5
1004485f	10f61520	5
10044864	10e5feee	5
10044869	10e60b10	5
1004486e	10e587e0	5
10044873	10e25f10	5
10044878	10dec9f0	5
1004487d	10b798f0	5
10044882	10b04280	5
10044887	109da346	5
1004488c	109a7190	5
10044891	10986df0	5
10044896	1095c390	5
1004489b	1085a4c0	5
100448a0	106db250	5
100448a5	106d2c80	5
100448aa	10621700	5
100448af	105c1110	5
100448b4	106dc520	5
100448b9	1055ae60	5
100448be	1051d5b1	5
100448c3	104c39e0	5
100448c8	10488130	5
100448cd	10233450	5
100448d2	10173fe0	5
100448d7	1014a5f0	5
100448dc	113f2050	5
100448e1	112490f0	5
100448e6	1116c230	5
100448eb	1100d320	5
100448f0	10e61b50	5
100448f5	10e48c80	5
100448fa	10cfe140	5
100448ff	10c83c20	5
10044904	10c4a2f0	5
10044909	10bd24a0	5
1004490e	109a9cb0	5
10044913	10838f00	5
10044918	10724860	5
1004491d	1070aa4b	5
10044922	104e25c0	5
10044927	104aa940	5
1004492c	103c3e40	5
10044931	1035bc50	5
10044936	10339aa0	5
1004493b	102782b0	5
10044940	102768e0	5
10044945	1011f6d0	5
1004494a	10117150	5
1004494f	10150860	5
10044954	1126b600	5
10044959	1125d9f0	5
1004495e	1116b070	5
10044963	110e43ce	5
10044968	1109de70	5
1004496d	1107b130	5
10044972	1105f0b0	5
10044977	1100de90	5
1004497c	10f22e90	5
10044981	10e60640	5
10044986	10e458b0	5
1004498b	10e0eb50	5
10044990	10deeca0	5
10044995	10cfe740	5
1004499a	10ce3cb0	5
1004499f	10c4b530	5
100449a4	10bfe310	5
100449a9	10b972a0	5
100449ae	10af52d0	5
100449b3	10ac3bd0	5
100449b8	10abf1a0	5
100449bd	10a87380	5
100449c2	109b7e40	5
100449c7	10973680	5
100449cc	10916bc0	5
100449d1	1086c390	5
100449d6	1054e370	5
100449db	1052b960	5
100449e0	104f6c50	5
100449e5	103fe850	5
100449ea	103bfe70	5
100449ef	103045d0	5
100449f4	1024d3c0	5
100449f9	101e9590	5
100449fe	1012b350	5
10044a03	10126fb0	5
10044a08	1012a8e0	5
10044a0d	1148cd6e	5
10044a12	1128bb80	5
10044a17	113d7960	5
10044a1c	1123f160	5
10044a21	11163eb0	5
10044a26	1115d310	5
10044a2b	11126560	5
10044a30	110cb070	5
10044a35	110c1a10	5
10044a3a	1101ae40	5
10044a3f	10ffabd0	5
10044a44	10fae8e0	5
10044a49	10c46f90	5
10044a4e	10b6d820	5
10044a53	10abe3f0	5
10044a58	107678c0	5
10044a5d	106b9be0	5
10044a62	106490d0	5
10044a67	1061fbb0	5
10044a6c	1061fa20	5
10044a71	105c05c0	5
10044a76	1043b720	5
10044a7b	103e388c	5
10044a80	1033cdd0	5
10044a85	10254af0	5
10044a8a	101d8430	5
10044a8f	101907c0	5
10044a94	10169f40	5
10044a99	1015f3c0	5
10044a9e	1029d610	5
10044aa3	112a64c0	5
10044aa8	11277f00	5
10044aad	1115e870	5
10044ab2	1127e380	5
10044ab7	110a73e0	5
10044abc	10fb36d0	5
10044ac1	10f42070	5
10044ac6	10e0bdd0	5
10044acb	10df1b40	5
10044ad0	10cc1f60	5
10044ad5	10c52580	5
10044ada	10c4e930	5
10044adf	10bc6540	5
10044ae4	10bb6097	5
10044ae9	10ab6190	5
10044aee	10a4dc10	5
10044af3	10a23590	5
10044af8	108bf4f0	5
10044afd	1089e6d0	5
10044b02	1068dd40	5
10044b07	10608940	5
10044b0c	10601c70	5
10044b11	1061c080	5
10044b16	103a9b70	5
10044b1b	10353f60	5
10044b20	1032f250	5
10044b25	10307d90	5
10044b2a	10262fd0	5
10044b2f	10229a00	5
10044b34	10193160	5
10044b39	1015b620	5
10044b3e	101c2bc0	5
10044b43	112ecf90	5
10044b48	112a6750	5
10044b4d	11259fa0	5
10044b52	111ab500	5
10044b57	1115b4d0	5
10044b5c	10eb5f50	5
10044b61	10e5ad70	5
10044b66	10ddbbc0	5
10044b6b	10d7c290	5
10044b70	10cc5e30	5
10044b75	10c3b6e0	5
10044b7a	10b4a480	5
10044b7f	10b24a70	5
10044b84	10b25070	5
10044b89	10a3c770	5
10044b8e	10998280	5
10044b93	10982dd0	5
10044b98	106e4ca0	5
10044b9d	104fd8e0	5
10044ba2	104e6e10	5
10044ba7	103f0ed0	5
10044bac	10320060	5
10044bb1	102da330	5
10044bb6	1025fcf0	5
10044bbb	105a29c0	5
10044bc0	101f1620	5
10044bc5	101a9dc0	5
10044bca	1014c900	5
10044bcf	1124f810	5
10044bd4	1120516a	5
10044bd9	11201d30	5
10044bde	110f0460	5
10044be3	10fd03a0	5
10044be8	10faa980	5
10044bed	110175b0	5
10044bf2	10dba100	5
10044bf7	10d3cba0	5
10044bfc	10c59130	5
10044c01	10bd87f0	5
10044c06	10a93020	5
10044c0b	108c8740	5
10044c10	108b49e0	5
10044c15	10893df0	5
10044c1a	106fee00	5
10044c1f	106dafd0	5
10044c24	106b0bf0	5
10044c29	10592370	5
10044c2e	1055a410	5
10044c33	10556480	5
10044c38	1047c420	5
10044c3d	10472d00	5
10044c42	103cf1d0	5
10044c47	10359340	5
10044c4c	10342f10	5
10044c51	10317d10	5
10044c56	102611d0	5
10044c5b	101aa0b0	5
10044c60	10169980	5
10044c65	10179b90	5
10044c6a	1017c370	5
10044c6f	10172d10	5
10044c74	10138500	5
10044c79	11252730	5
10044c7e	111c8d30	5
10044c83	110376f0	5
10044c88	10b98980	5
10044c8d	10ae6cc3	5
10044c92	10a53060	5
10044c97	10846f35	5
10044c9c	10838933	5
10044ca1	1077a540	5
10044ca6	1069a280	5
10044cab	106578d0	5
10044cb0	105ce130	5
10044cb5	103fc740	5
10044cba	103f0140	5
10044cbf	103cbfc0	5
10044cc4	102c8500	5
10044cc9	102650c0	5
10044cce	101f0e80	5
10044cd3	1015c4d0	5
10044cd8	11278330	5
10044cdd	1111dd70	5
10044ce2	110749b0	5
10044ce7	10e9dbb0	5
10044cec	10e60560	5
10044cf1	10d822b1	5
10044cf6	10c91c30	5
10044cfb	10c3ca50	5
10044d00	10a67bb0	5
10044d05	1095c8c7	5
10044d0a	1072e640	5
10044d0f	106d5a80	5
10044d14	1062deae	5
10044d19	10626970	5
10044d1e	10642ec0	5
10044d23	104ee0a0	5
10044d28	104ac030	5
10044d2d	1036efb0	5
10044d32	1109f280	5
10044d37	102cdd10	5
10044d3c	102ac240	5
10044d41	10287240	5
10044d46	1013b730	5
10044d4b	112487f0	5
10044d50	11248380	5
10044d55	1114f708	5
10044d5a	1114aae0	5
10044d5f	110ee440	5
10044d64	10fced00	5
10044d69	10fb1920	5
10044d6e	10f1c770	5
10044d73	10eb1a00	5
10044d78	10e53d40	5
10044d7d	10e4e2d0	5
10044d82	10db5d80	5
10044d87	10d5f520	5
10044d8c	10d422f0	5
10044d91	10d30900	5
10044d96	10d38510	5
10044d9b	10cf6730	5
10044da0	10c436f0	5
10044da5	10b0d7a0	5
10044daa	10a158a0	5
10044daf	109f3c60	5
10044db4	109b97b0	5
10044db9	109b7790	5
10044dbe	108e07d0	5
10044dc3	108619a0	5
10044dc8	10837e10	5
10044dcd	10719d70	5
10044dd2	106d9c60	5
10044dd7	106b9af0	5
10044ddc	1059f860	5
10044de1	105290f0	5
10044de6	10535240	5
10044deb	103e6200	5
10044df0	1034ea70	5
10044df5	1028b290	5
10044dfa	10283e80	5
10044dff	10255060	5
10044e04	10123ce0	5
10044e09	1014a9d0	5
10044e0e	10120f60	5
10044e13	11452e80	5
10044e18	11278b70	5
10044e1d	11055ff0	5
10044e22	10fad820	5
10044e27	10f83400	5
10044e2c	10c36020	5
10044e31	10bbe000	5
10044e36	10b845f0	5
10044e3b	10a741a0	5
10044e40	10a145f0	5
10044e45	1095bb80	5
10044e4a	10881dd0	5
10044e4f	10875d31	5
10044e54	106dff50	5
10044e59	10657ae0	5
10044e5e	10eee9e0	5
10044e63	10620160	5
10044e68	105a8430	5
10044e6d	104dee20	5
10044e72	103dae40	5
10044e77	10360320	5
10044e7c	102e96c0	5
10044e81	102432d0	5
10044e86	101f23d0	5
10044e8b	1017eed0	5
10044e90	11458440	5
10044e95	11182b90	5
10044e9a	110e2110	5
10044e9f	10f8c920	5
10044ea4	10f4df30	5
10044ea9	10f44f70	5
10044eae	10e750e0	5
10044eb3	10e47380	5
10044eb8	10e03020	5
10044ebd	10db2740	5
10044ec2	10d3bd80	5
10044ec7	10c3e950	5
10044ecc	10b8fd90	5
10044ed1	10b6dc20	5
10044ed6	10b254c0	5
10044edb	10b08c90	5
10044ee0	1098b3a0	5
10044ee5	10891890	5
10044eea	106d8970	5
10044eef	106b6d90	5
10044ef4	107cc4d0	5
10044ef9	106823f0	5
10044efe	10658aa0	5
10044f03	1041a7e0	5
10044f08	1036a710	5
10044f0d	10282bd0	5
10044f12	1012bd70	5
10044f17	10195a20	5
10044f1c	1145de30	5
10044f21	1120547f	5
10044f26	1118fa20	5
10044f2b	10f4c220	5
10044f30	10e13d80	5
10044f35	10dd1a90	5
10044f3a	10d46880	5
10044f3f	10cc5ab0	5
10044f44	10c67326	5
10044f49	10bd73e0	5
10044f4e	10aa6d30	5
10044f53	109e0610	5
10044f58	10687220	5
10044f5d	105f8bf0	5
10044f62	105506c0	5
10044f67	103df680	5
10044f6c	102801f0	5
10044f71	102259f0	5
10044f76	101cdbf0	5
10044f7b	1019a960	5
10044f80	1014bd50	5
10044f85	10199e00	5
10044f8a	11192e90	5
10044f8f	1114f9f0	5
10044f94	1111fc60	5
10044f99	110a73a0	5
10044f9e	11080560	5
10044fa3	11045280	5
10044fa8	10fee3a0	5
10044fad	10f34230	5
10044fb2	10db30f0	5
10044fb7	10d944d0	5
10044fbc	10c8a220	5
10044fc1	10c5b8b0	5
10044fc6	10b7e610	5
10044fcb	10a48840	5
10044fd0	109c53e0	5
10044fd5	109a9c50	5
10044fda	108c7820	5
10044fdf	10802d40	5
10044fe4	107cce80	5
10044fe9	106b6180	5
10044fee	105a63c0	5
10044ff3	1051d5cf	5
10044ff8	10485f70	5
10044ffd	1042b29a	5
10045002	103a936e	5
10045007	1035b9e0	5
1004500c	1030ef10	5
10045011	10267760	5
10045016	10226c40	5
1004501b	101fb660	5
10045020	101bd890	5
10045025	113d0640	5
1004502a	11270b00	5
1004502f	1112d69e	5
10045034	110abe80	5
10045039	10f9dfb0	5
1004503e	10f6cb70	5
10045043	10eb1710	5
10045048	10e46b60	5
1004504d	10d09c2b	5
10045052	10c53000	5
10045057	10bc7920	5
1004505c	10b36630	5
10045061	10ae6d30	5
10045066	10ad1cf0	5
1004506b	10a71fe0	5
10045070	10a15550	5
10045075	10919a50	5
1004507a	1085f430	5
1004507f	107ec570	5
10045084	10793280	5
10045089	107636aa	5
1004508e	106e5c80	5
10045093	106cc650	5
10045098	10656f1e	5
1004509d	1065c260	5
100450a2	10612ee0	5
100450a7	105fb690	5
100450ac	10603d30	5
100450b1	105f8ee0	5
100450b6	102d4d10	5
100450bb	102cc0d0	5
100450c0	102b8350	5
100450c5	10233a30	5
100450ca	101bac00	5
100450cf	101995d0	5
100450d4	11279200	5
100450d9	111d5782	5
100450de	1107c630	5
100450e3	10d125d0	5
100450e8	10bd6780	5
100450ed	109cc4f0	5
100450f2	10975d50	5
100450f7	108fd120	5
100450fc	103f8160	5
10045101	1029fa70	5
10045106	10278ee0	5
1004510b	101d7950	5
10045110	11240650	5
10045115	1014b540	5
1004511a	10199c50	5
1004511f	1148c979	5
10045124	1148c04b	5
10045129	1140c8e0	5
1004512e	1126de90	5
10045133	11264a00	5
10045138	1124deb0	5
1004513d	113d5730	5
10045142	11199420	5
10045147	11182da0	5
1004514c	111695f0	5
10045151	1110a080	5
10045156	110974e0	5
1004515b	10ff88e0	5
10045160	10fad920	5
10045165	10f76c00	5
1004516a	10f37000	5
1004516f	10e4ae20	5
10045174	10cc197e	5
10045179	10c2c860	5
1004517e	10bd7d10	5
10045183	10ba6820	5
10045188	10b57af0	5
1004518d	10a22c40	5
10045192	1062e5b0	5
10045197	105b29e0	5
1004519c	105600f0	5
100451a1	1052ac70	5
100451a6	10501420	5
100451ab	1046ee60	5
100451b0	103a6390	5
100451b5	103b79a0	5
100451ba	1036d3b0	5
100451bf	102dd249	5
100451c4	1028f3f0	5
100451c9	10268490	5
100451ce	10225c40	5
100451d3	102309d0	5
100451d8	101b71a0	5
100451dd	10186040	5
100451e2	10199fb0	5
100451e7	1014ccc0	5
100451ec	101286d0	5
100451f1	1148d1e9	5
100451f6	1128aaa0	5
100451fb	110a9aa0	5
10045200	1107a3b0	5
10045205	11087730	5
1004520a	10eeb630	5
1004520f	10e831d0	5
10045214	10e55610	5
10045219	10e0b090	5
1004521e	10dd7040	5
10045223	10dd7fe0	5
10045228	10d2b7b0	5
1004522d	10bf77d0	5
10045232	10bde0d0	5
10045237	10b7ad40	5
1004523c	10b361a0	5
10045241	10eaccb0	5
10045246	1072bff0	5
1004524b	106aa140	5
10045250	105e7140	5
10045255	105a5910	5
1004525a	10444770	5
1004525f	10434790	5
10045264	10368230	5
10045269	10365d70	5
1004526e	1033a040	5
10045273	10225a50	5
10045278	10169fd0	5
1004527d	1011c710	5
10045282	1012e970	5
10045287	101222e0	5
1004528c	112bf020	5
10045291	111b6e70	5
10045296	1118ae40	5
1004529b	10fdad54	5
100452a0	10fcf0b0	5
100452a5	10fcecc0	5
100452aa	10fa5060	5
100452af	10f71520	5
100452b4	10e72bb0	5
100452b9	10e36fd0	5
100452be	10dae360	5
100452c3	10d77f10	5
100452c8	10ca28b0	5
100452cd	10c8df00	5
100452d2	10c6a190	5
100452d7	10c3d3d0	5
100452dc	109da292	5
100452e1	10999ea0	5
100452e6	10894120	5
100452eb	10875dc0	5
100452f0	1081ba30	5
100452f5	10718430	5
100452fa	10710290	5
100452ff	112879c0	5
10045304	106bce00	5
10045309	1062e940	5
1004530e	10565680	5
10045313	10554050	5
10045318	104ab029	5
1004531d	10484d80	5
10045322	10367c8e	5
10045327	10331bd0	5
1004532c	11082f10	5
10045331	1129f120	5
10045336	1026bd00	5
1004533b	1022f630	5
10045340	1021b1c0	5
10045345	1016f200	5
1004534a	1109c070	5
1004534f	10dd7400	5
10045354	10d5a820	5
10045359	10cbe000	5
1004535e	10c7a850	5
10045363	10c3d700	5
10045368	10aeafb0	5
1004536d	1098de10	5
10045372	10658b40	5
10045377	10ece860	5
1004537c	10562200	5
10045381	10532b90	5
10045386	104e3e20	5
1004538b	104404ab	5
10045390	10345d30	5
10045395	113d39f0	5
1004539a	11160670	5
1004539f	110ae730	5
100453a4	1109dba0	5
100453a9	110303c0	5
100453ae	10fdefa0	5
100453b3	10f98ee0	5
100453b8	10f71a10	5
100453bd	10f62470	5
100453c2	10f22ef0	5
100453c7	10e45c70	5
100453cc	10d28ea0	5
100453d1	10cdeb40	5
100453d6	10c7e5a0	5
100453db	10bbb660	5
100453e0	10a49100	5
100453e5	108f8040	5
100453ea	108644a0	5
100453ef	1072e2b0	5
100453f4	106abb90	5
100453f9	106b0740	5
100453fe	106330a0	5
10045403	105b28d0	5
10045408	1050af20	5
1004540d	10320c50	5
10045412	10304b10	5
10045417	10306a80	5
1004541c	10296f00	5
10045421	10184c90	5
10045426	1012c370	5
1004542b	112173a0	5
10045430	111b4a10	5
10045435	1119c380	5
1004543a	111406a0	5
1004543f	112626c0	5
10045444	110e20d0	5
10045449	11077220	5
1004544e	1102f987	5
10045453	10faa4a0	5
10045458	10f97780	5
1004545d	10cf5cf0	5
10045462	10cb57e0	5
10045467	10c76ed0	5
1004546c	10bd3fe0	5
10045471	10ba8090	5
10045476	10b355b9	5
1004547b	109ee490	5
10045480	10976114	5
10045485	1094d070	5
1004548a	1072cbe0	5
1004548f	1072aab0	5
10045494	10703e30	5
10045499	103d1cb0	5
1004549e	103a7140	5
100454a3	1036a6f0	5
100454a8	1020a580	5
100454ad	101f5360	5
100454b2	10137630	5
100454b7	113ddbc0	5
100454bc	11206980	5
100454c1	11203de0	5
100454c6	10f82ee0	5
100454cb	10ef1910	5
100454d0	10e4fb20	5
100454d5	10d27fe6	5
100454da	10cc2990	5
100454df	10c81e10	5
100454e4	10c41500	5
100454e9	10c43960	5
100454ee	10c22700	5
100454f3	10b0e280	5
100454f8	1099de40	5
100454fd	10840380	5
10045502	1072d920	5
10045507	106e5cb1	5
1004550c	106b77a0	5
10045511	1069a270	5
10045516	10690f80	5
1004551b	105e7b20	5
10045520	103670c0	5
10045525	11459280	5
1004552a	11458ab0	5
1004552f	11243400	5
10045534	1119a0a2	5
10045539	11195890	5
1004553e	11191f30	5
10045543	11293800	5
10045548	110e2ca0	5
1004554d	11062890	5
10045552	10ec0560	5
10045557	10e96f7e	5
1004555c	10e84060	5
10045561	10e54670	5
10045566	10d97340	5
1004556b	10c3ad43	5
10045570	10bfa220	5
10045575	10bbb400	5
1004557a	10b957b0	5
1004557f	10b7d960	5
10045584	10a677ab	5
10045589	108e3410	5
1004558e	108743f0	5
10045593	1085fcc0	5
10045598	10788370	5
1004559d	10efb0f0	5
100455a2	106c1d10	5
100455a7	106bd2a0	5
100455ac	10595160	5
100455b1	10551520	5
100455b6	105171a0	5
100455bb	101d45d0	5
100455c0	10176070	5
